Report_Year,Reporting_Month,Partner,Division,District,Site_Name,Number of results on,DS_TB_Cases_Unk,New,Total,Failures of CAT I (remain positive at month 5 or later/ Smear negative patients become smear positive at month 2),Failures of CAT II (remain positive at month 5 or 8),Non converters of CAT I (remain positive at month 2),Non converters of CAT II (remain positive at month 3),Relapses (CAT I),Relapses (CAT II),Treatment after loss to follow up (CAT I),Treatment after loss to follow up (CAT II),Unknown history,New,Prev. treated,Unknown history,New,Prev. treated,Unknown history,New,Prev. treated,Unknown history,New,Prev. treated,Unknown history,New,Prev. treated,Others (Total),Total,Unknown History,New,Previously Treated,Total,Total Presumptive TB Cases Tested,Total Presumptive DR-TB Cases Tested,t_test,ds_t,ds_rr,ds_ti,Number of MTB not detected (N)- DS TB,dr_t,dr_rr,dr_ti,Number of MTB not detected (N)- DR TB,Rif Resistance not detected (T),Rif Resistance detected (RR),Rif Resistance indeterminate (TI),Number of MTB not detected -Total,Invalid (I),No result (I),Error (I),Invalid (I),No result (I),Error (I),t_error,Cartridges Received,Cartridges in Hand,Male,Female,Male,Female,Male,Female,Male,Female,Male,Female,Male,Female, Number of invalid, Number of no result, Number of  error ,Number of Gene Xpert Machine:,Total Number Of Module:,Number of Module Functional:,No. of TruePrep Device,No.of TrueLab Device,Total No. of Chip Ports,Functional TruePrep Device,Functional TrueLab Device,Total functional Chip Ports,No. of Truenat Cartridge Used,No. of MTB Plus Chip Used,No. of MTB RIF Dx Chip Used,Microscopic Test done,Microscopic Positive,Microscopic Follow up,Date of TN Machine Instalation,Division,District / Area,Name of Truenat Site,Month,Year,Total number of cartridge received,Total number of MTB plus chip ceceived,Total number of RIF Dx chip received,Average battery back up time of Trueprep (hours/day),Average battery back up time of Truelab (hours/day),Average DNA extration process time by Trueprep (minutes),Average PCR completion time for MTB test (minutes),Average PCR completion time for RIF test (minutes),Number of Cartridge damage/defective ,Number of MTB plus chip defective ,Number of MTB RIF Dx chip defective,Number of specimens collected from new presumptive TB patients,Nunber of presumptive cases tested by Truenat,Nunber of new presumptive cases tested by Microscopy,Number of MTB detected by Microscopy,Number of DNA extraction unsuccessful ,Number of specimen rejected,Number of Rif Resistance indeterminate result,Number of day tests perform  on Truenat,Fail to power up,Not charging,Error 1: cartridge valve error,Error 2: cartridge error,Error 3: cartridge clogged,Error 4: used cartridge,Error 5: expired cartridge,Error 6: cartridge not loaded,Error 7: expired reset card,Error 8: used reset card,Error 9: reset card read error,Error 10: invalid reset card,Error 11: RTD-L error,Error 12: RTD-E error,Error 13 Unable to read cartridge,Error 14: cartridge error (elution),Error 15: cartridge clogged (elution),Others,Fail to power up,Error 2: test stopped manually,Error 3: incorrect optical profile,Error 4: runtime error,Error 5: probe check error,Invalid,Fail to power up,Not charging,Tray 1 failed,Tray 2 failed,Error 1: thermal cycling error ,Error 2: test stopped manually,Error 3: incorrect optical profile,Error 4: runtime error,Error 5: probe check error,Invalid
2022,August,Damien Foundation,Rajshahi_Division,Rajshahi, Naowhata H & FWC,Tested by Xpert MTB/RIF,0,47,47,0,0,1,0,0,0,0,0,0,0,0,0,0,0,0,0,0,0,0,0,0,0,,0,1,0,0,0,0,47,1,48,0,0,0,47,1,0,0,0,1,0,0,47,2,0,2,0,0,0,4,0,1,1,2,1,1,2,53,52,1,91,4,29,31/7/22,Rajshahi_Division,Rajshahi, Naowhata H & FWC,August,2022,894,894,99,7.5,7.5,22,45,68,,0,0,138,48,91,4,4,,0,14,0,0,0,0,2,0,0,0,0,0,0,0,0,0,0,0,0,2,0,0,0,0,0,0,0,0,1,2,,,,,,,,,,,,,,,,,,,,,,,,,
2022,August,Damien Foundation,Rajshahi_Division,Rajshahi, Naowhata H & FWC,MTB detected,0,0,0,0,0,1,0,0,0,0,0,0,0,0,0,0,0,0,0,0,0,0,0,0,0,,0,1,0,0,0,0,,,,,,,,,,,,,,,,,,,,,,,,,,,,,,,,,,,,,,,,,,,,,,,,,,,,,,,,,,,,,,,,,,,,,,,,,,,,,,,,,,,,,,,,,,,,,,,,,,,,,,,,,,,,,,,,,
2022,August,Damien Foundation,Rajshahi_Division,Rajshahi, Naowhata H & FWC,RR TB detected,0,0,0,0,0,0,0,0,0,0,0,0,0,0,0,0,0,0,0,0,0,0,0,0,0,,0,0,0,0,0,0,,,,,,,,,,,,,,,,,,,,,,,,,,,,,,,,,,,,,,,,,,,,,,,,,,,,,,,,,,,,,,,,,,,,,,,,,,,,,,,,,,,,,,,,,,,,,,,,,,,,,,,,,,,,,,,,,
2022,August,Damien Foundation,Rajshahi_Division,Nawabganj, Shibganj 2nd Lab,Tested by Xpert MTB/RIF,0,65,65,0,0,0,0,0,0,0,0,0,0,0,0,0,0,0,0,0,0,0,0,0,0,,0,0,0,0,0,0,65,0,65,1,0,0,64,0,0,0,0,1,0,0,64,2,0,2,0,2,0,6,0,1,1,2,1,1,2,82,69,6,28,0,13,6/8/2022,Rajshahi_Division,C.Nawabganj, Shibganj 2nd Lab,August,2022,900,900,100,6,6,22,45,65,,0,0,93,66,28,0,7,,0,15,0,0,0,0,0,0,0,0,0,0,0,0,0,0,0,0,0,0,0,0,0,0,0,0,0,0,2,0,,,,,,,,,,,,,,,,,,,,,,,,,
2022,August,Damien Foundation,Rajshahi_Division,Nawabganj, Shibganj 2nd Lab,MTB detected,0,1,1,0,0,0,0,0,0,0,0,0,0,0,0,0,0,0,0,0,0,0,0,0,0,,0,0,0,0,0,0,,,,,,,,,,,,,,,,,,,,,,,,,,,,,,,,,,,,,,,,,,,,,,,,,,,,,,,,,,,,,,,,,,,,,,,,,,,,,,,,,,,,,,,,,,,,,,,,,,,,,,,,,,,,,,,,,
2022,August,Damien Foundation,Rajshahi_Division,Nawabganj, Shibganj 2nd Lab,RR TB detected,0,0,0,0,0,0,0,0,0,0,0,0,0,0,0,0,0,0,0,0,0,0,0,0,0,,0,0,0,0,0,0,,,,,,,,,,,,,,,,,,,,,,,,,,,,,,,,,,,,,,,,,,,,,,,,,,,,,,,,,,,,,,,,,,,,,,,,,,,,,,,,,,,,,,,,,,,,,,,,,,,,,,,,,,,,,,,,,
2022,August,Damien Foundation,Rajshahi_Division,Naogaon, Nindoin Community Clinic ,Tested by Xpert MTB/RIF,0,21,21,0,0,0,0,0,0,0,0,0,0,0,0,0,0,0,0,0,0,0,0,0,0,,0,0,0,0,0,0,21,0,21,1,0,0,20,0,0,0,0,1,0,0,20,0,0,0,0,0,0,0,0,1,1,2,1,1,2,23,23,1,72,1,24,14/8/22,Rajshahi_Division,Nogaon, Nindoin Community Clinic,August,2022,926,877,149,6.5,6.5,22,45,65,,0,0,93,21,72,1,0,,0,11,0,0,2,0,0,0,0,0,0,0,0,0,0,0,0,0,0,0,0,0,0,0,0,0,0,0,0,0,,,,,,,,,,,,,,,,,,,,,,,,,
2022,August,Damien Foundation,Rajshahi_Division,Naogaon, Nindoin Community Clinic ,MTB detected,0,1,1,0,0,0,0,0,0,0,0,0,0,0,0,0,0,0,0,0,0,0,0,0,0,,0,0,0,0,0,0,,,,,,,,,,,,,,,,,,,,,,,,,,,,,,,,,,,,,,,,,,,,,,,,,,,,,,,,,,,,,,,,,,,,,,,,,,,,,,,,,,,,,,,,,,,,,,,,,,,,,,,,,,,,,,,,,
2022,August,Damien Foundation,Rajshahi_Division,Naogaon, Nindoin Community Clinic ,RR TB detected,0,0,0,0,0,0,0,0,0,0,0,0,0,0,0,0,0,0,0,0,0,0,0,0,0,,0,0,0,0,0,0,,,,,,,,,,,,,,,,,,,,,,,,,,,,,,,,,,,,,,,,,,,,,,,,,,,,,,,,,,,,,,,,,,,,,,,,,,,,,,,,,,,,,,,,,,,,,,,,,,,,,,,,,,,,,,,,,
2022,August,Damien Foundation,Rajshahi_Division,Rajshahi, Hatkhujipur-FWC,Tested by Xpert MTB/RIF,0,68,68,0,0,1,0,0,0,0,0,0,0,0,0,0,0,0,0,0,0,0,0,0,0,,0,1,0,0,0,0,68,1,69,1,0,0,67,1,0,0,0,2,0,0,67,1,0,4,0,0,1,6,0,1,1,2,1,1,2,72,73,3,17,0,14,30/7/22,Rajshahi_Division,Rajshahi, Hatkhujipur-FWC,August,2022,900,900,100,6.5,7,22,45,65,,0,0,85,68,17,0,0,,1,14,0,0,0,0,5,0,0,0,0,0,0,0,0,0,0,0,0,0,1,0,0,0,2,2,0,0,0,0,,,,,,,,,,,,,,,,,,,,,,,,,
2022,August,Damien Foundation,Rajshahi_Division,Rajshahi, Hatkhujipur-FWC,MTB detected,0,1,1,0,0,1,0,0,0,0,0,0,0,0,0,0,0,0,0,0,0,0,0,0,0,,0,1,0,0,0,0,,,,,,,,,,,,,,,,,,,,,,,,,,,,,,,,,,,,,,,,,,,,,,,,,,,,,,,,,,,,,,,,,,,,,,,,,,,,,,,,,,,,,,,,,,,,,,,,,,,,,,,,,,,,,,,,,
2022,August,Damien Foundation,Rajshahi_Division,Rajshahi, Hatkhujipur-FWC,RR TB detected,0,0,0,0,0,0,0,0,0,0,0,0,0,0,0,0,0,0,0,0,0,0,0,0,0,,0,0,0,0,0,0,,,,,,,,,,,,,,,,,,,,,,,,,,,,,,,,,,,,,,,,,,,,,,,,,,,,,,,,,,,,,,,,,,,,,,,,,,,,,,,,,,,,,,,,,,,,,,,,,,,,,,,,,,,,,,,,,
2022,August,BRAC,Rajshahi_Division,Sirajganj," 31 Beded Hospital , Bagbati",Tested by Xpert MTB/RIF,0,68,68,0,0,0,0,0,0,0,0,0,0,0,0,0,0,0,0,0,0,0,0,0,0,,0,0,0,0,0,0,68,0,68,1,0,4,67,0,0,0,0,1,0,4,67,3,0,0,0,0,0,3,0,1,1,2,1,1,2,75,75,9,223,5,19,11/8/2022,Rajshahi_Division,Sirajganj," 31 Beded Hospital, Bagbati",August,2022,900,900,100,8,8,20,40,68,,0,0,245,72,223,5,7,,4,12,0,0,0,0,3,0,0,0,0,0,0,0,0,0,0,0,0,4,0,0,0,0,0,0,0,0,0,3,,,,,,,,,,,,,,,,,,,,,,,,,
2022,August,BRAC,Rajshahi_Division,Sirajganj," 31 Beded Hospital , Bagbati",MTB detected,0,1,1,0,0,0,0,0,0,0,0,0,0,0,0,0,0,0,0,0,0,0,0,0,0,,0,0,0,0,0,0,,,,,,,,,,,,,,,,,,,,,,,,,,,,,,,,,,,,,,,,,,,,,,,,,,,,,,,,,,,,,,,,,,,,,,,,,,,,,,,,,,,,,,,,,,,,,,,,,,,,,,,,,,,,,,,,,
2022,August,BRAC,Rajshahi_Division,Sirajganj," 31 Beded Hospital , Bagbati",RR TB detected,0,0,0,0,0,0,0,0,0,0,0,0,0,0,0,0,0,0,0,0,0,0,0,0,0,,0,0,0,0,0,0,,,,,,,,,,,,,,,,,,,,,,,,,,,,,,,,,,,,,,,,,,,,,,,,,,,,,,,,,,,,,,,,,,,,,,,,,,,,,,,,,,,,,,,,,,,,,,,,,,,,,,,,,,,,,,,,,
2022,August,BRAC,Rajshahi_Division,Bogra, Bamunia Peripharal Lab,Tested by Xpert MTB/RIF,0,19,19,0,0,0,0,0,0,0,0,0,0,0,0,0,0,0,0,0,0,0,0,0,0,,0,0,0,0,0,0,19,0,19,2,0,0,17,0,0,0,0,2,0,0,17,2,0,2,0,0,0,4,0,1,1,2,1,1,2,19,23,2,240,9,47,14/8/2022,Rajshahi_Division,Bogura, Bamunia Peripharal Lab,August,2022,900,900,100,8,8,20,40,68,,0,0,19,19,240,9,0,,0,11,0,0,0,0,0,0,0,0,0,0,0,0,0,0,0,0,0,0,0,0,0,0,2,0,0,0,0,2,,,,,,,,,,,,,,,,,,,,,,,,,
2022,August,BRAC,Rajshahi_Division,Bogra, Bamunia Peripharal Lab,MTB detected,0,2,2,0,0,0,0,0,0,0,0,0,0,0,0,0,0,0,0,0,0,0,0,0,0,,0,0,0,0,0,0,,,,,,,,,,,,,,,,,,,,,,,,,,,,,,,,,,,,,,,,,,,,,,,,,,,,,,,,,,,,,,,,,,,,,,,,,,,,,,,,,,,,,,,,,,,,,,,,,,,2,0,0,0,0,,,,,,,,,,
2022,August,BRAC,Rajshahi_Division,Bogra, Bamunia Peripharal Lab,RR TB detected,0,0,0,0,0,0,0,0,0,0,0,0,0,0,0,0,0,0,0,0,0,0,0,0,0,,0,0,0,0,0,0,,,,,,,,,,,,,,,,,,,,,,,,,,,,,,,,,,,,,,,,,,,,,,,,,,,,,,,,,,,,,,,,,,,,,,,,,,,,,,,,,,,,,,,,,,,,,,,,,,,0,0,0,1,2,,,,,,,,,,
2022,August,BRAC,Rajshahi_Division,Bogra, Chonka Peripharal Lab,Tested by Xpert MTB/RIF,0,100,100,0,0,1,0,0,0,0,0,0,0,0,0,0,0,0,0,0,0,0,0,0,0,,0,1,0,0,0,0,100,1,101,6,0,3,94,1,0,0,0,7,0,3,94,1,2,1,0,0,0,4,0,1,1,2,1,1,2,117,108,10,182,2,52,10/8/2022,Rajshahi_Division,Bogura, Chonka Peripharal Lab,August,2022,900,900,100,8,8,20,40,65,,4,4,101,101,182,2,16,,3,13,0,0,0,0,13,0,0,0,0,0,0,0,0,0,0,0,0,3,1,0,0,0,0,0,0,0,2,1,,,,,,,,,,,0,0,0,0,0,,,,,,,,,,
2022,August,BRAC,Rajshahi_Division,Bogra, Chonka Peripharal Lab,MTB detected,0,6,6,0,0,1,0,0,0,0,0,0,0,0,0,0,0,0,0,0,0,0,0,0,0,,0,1,0,0,0,0,,,,,,,,,,,,,,,,,,,,,,,,,,,,,,,,,,,,,,,,,,,,,,,,,,,,,,,,,,,,,,,,,,,,,,,,,,,,,,,,,,,,,,,,,,,,,,,,,,,0,0,0,2,0,,,,,,,,,,
2022,August,BRAC,Rajshahi_Division,Bogra, Chonka Peripharal Lab,RR TB detected,0,0,0,0,0,0,0,0,0,0,0,0,0,0,0,0,0,0,0,0,0,0,0,0,0,,0,0,0,0,0,0,,,,,,,,,,,,,,,,,,,,,,,,,,,,,,,,,,,,,,,,,,,,,,,,,,,,,,,,,,,,,,,,,,,,,,,,,,,,,,,,,,,,,,,,,,,,,,,,,,,3,0,0,0,7,0,0,0,0,0,0,0,0,0,0
2022,August,BRAC,Rajshahi_Division,Bogra, Ganganagar Peripharal Lab ,Tested by Xpert MTB/RIF,0,70,70,0,0,0,0,0,0,0,0,0,0,0,0,0,0,0,0,0,0,0,0,0,0,,0,0,0,0,0,0,70,0,70,7,0,0,63,0,0,0,0,7,0,0,63,3,3,6,0,0,0,12,0,1,1,2,1,1,2,70,82,7,74,2,2,11/8/2022,Rajshahi_Division,Bogura, Ganganagar Peripharal Lab,August,2022,900,900,100,8,8,20,40,68,,0,0,144,70,74,2,0,,0,12,0,0,0,0,0,0,0,0,0,0,0,0,0,0,0,0,0,0,0,0,0,0,0,0,3,2,0,0,,,,,,,,,,,1,0,0,0,8,0,0,0,0,0,0,0,0,0,0
2022,August,BRAC,Rajshahi_Division,Bogra, Ganganagar Peripharal Lab ,MTB detected,0,7,7,0,0,0,0,0,0,0,0,0,0,0,0,0,0,0,0,0,0,0,0,0,0,,0,0,0,0,0,0,,,,,,,,,,,,,,,,,,,,,,,,,,,,,,,,,,,,,,,,,,,,,,,,,,,,,,,,,,,,,,,,,,,,,,,,,,,,,,,,,,,,,,,,,,,,,,,,,,,0,0,0,0,4,0,0,0,0,0,0,0,0,0,0
2022,August,BRAC,Rajshahi_Division,Bogra, Ganganagar Peripharal Lab ,RR TB detected,0,0,0,0,0,0,0,0,0,0,0,0,0,0,0,0,0,0,0,0,0,0,0,0,0,,0,0,0,0,0,0,,,,,,,,,,,,,,,,,,,,,,,,,,,,,,,,,,,,,,,,,,,,,,,,,,,,,,,,,,,,,,,,,,,,,,,,,,,,,,,,,,,,,,,,,,,,,,,,,,,0,0,0,0,12,0,0,0,0,0,0,0,0,0,0
2022,August,BRAC,Rajshahi_Division,Bogra, Gossainbari FWC,Tested by Xpert MTB/RIF,0,37,37,0,0,1,0,0,0,0,0,0,0,0,0,0,0,0,0,0,0,0,0,0,0,,0,1,0,0,0,0,37,1,38,2,0,3,32,1,0,0,0,3,0,3,32,6,0,0,0,0,0,6,0,1,1,2,1,1,2,44,44,8,53,0,9,9/8/2022,Rajshahi_Division,Bogura, Gossainbari FWC,August,2022,900,900,100,8,8,20,40,70,,0,0,181,186,53,0,6,,3,15,0,0,0,0,6,0,0,0,0,0,0,0,0,0,0,0,0,0,0,0,0,0,0,0,0,0,0,6,,,,,,,,,,,0,0,0,2,10,0,0,0,0,0,0,0,0,0,0
2022,August,BRAC,Rajshahi_Division,Bogra, Gossainbari FWC,MTB detected,0,2,2,0,0,1,0,0,0,0,0,0,0,0,0,0,0,0,0,0,0,0,0,0,0,,0,1,0,0,0,0,,,,,,,,,,,,,,,,,,,,,,,,,,,,,,,,,,,,,,,,,,,,,,,,,,,,,,,,,,,,,,,,,,,,,,,,,,,,,,,,,,,,,,,,,,,,,,,,,,,2,0,0,0,5,0,0,0,0,0,0,0,0,0,0
2022,August,BRAC,Rajshahi_Division,Bogra, Gossainbari FWC,RR TB detected,0,0,0,0,0,0,0,0,0,0,0,0,0,0,0,0,0,0,0,0,0,0,0,0,0,,0,0,0,0,0,0,,,,,,,,,,,,,,,,,,,,,,,,,,,,,,,,,,,,,,,,,,,,,,,,,,,,,,,,,,,,,,,,,,,,,,,,,,,,,,,,,,,,,,,,,,,,,,,,,,,0,0,0,1,38,0,0,0,0,0,0,0,0,0,0
2022,August,BRAC,Rajshahi_Division,Bogra, Zorgacha FWC,Tested by Xpert MTB/RIF,0,53,53,0,0,0,0,0,0,0,0,0,0,0,0,0,0,0,0,0,0,0,0,0,0,,0,0,0,0,0,0,53,0,53,3,0,0,50,0,0,0,0,3,0,0,50,0,0,4,0,0,0,4,0,1,1,2,1,1,2,53,57,3,87,6,23,9/8/2022,Rajshahi_Division,Bogura, Zorgacha FWC,August,2022,900,900,100,8,8,19,40,70,,0,0,140,53,87,6,0,,0,15,0,0,0,0,0,0,0,0,0,0,0,0,0,0,0,0,0,0,0,0,0,0,2,1,0,0,1,0,,,,,,,,,,,0,0,0,0,2,0,0,0,0,0,0,0,0,0,0
2022,August,BRAC,Rajshahi_Division,Bogra, Zorgacha FWC,MTB detected,0,3,3,0,0,0,0,0,0,0,0,0,0,0,0,0,0,0,0,0,0,0,0,0,0,,0,0,0,0,0,0,,,,,,,,,,,,,,,,,,,,,,,,,,,,,,,,,,,,,,,,,,,,,,,,,,,,,,,,,,,,,,,,,,,,,,,,,,,,,,,,,,,,,,,,,,,,,,,,,,,0,0,0,0,10,0,0,0,0,0,0,0,0,0,0
2022,August,BRAC,Rajshahi_Division,Bogra, Zorgacha FWC,RR TB detected,0,0,0,0,0,0,0,0,0,0,0,0,0,0,0,0,0,0,0,0,0,0,0,0,0,,0,0,0,0,0,0,,,,,,,,,,,,,,,,,,,,,,,,,,,,,,,,,,,,,,,,,,,,,,,,,,,,,,,,,,,,,,,,,,,,,,,,,,,,,,,,,,,,,,,,,,,,,,,,,,,0,0,0,1,32,0,0,0,0,0,0,0,0,0,0
2022,August,BRAC,Rajshahi_Division,Natore, Kaligong Sub-Health Cente,Tested by Xpert MTB/RIF,0,89,89,0,0,0,0,0,0,0,0,0,0,0,0,0,0,0,0,0,0,0,0,0,0,,0,0,0,0,0,0,89,0,89,7,0,0,82,0,0,0,0,7,0,0,82,0,0,1,0,0,0,1,0,1,1,2,1,1,2,92,90,7,25,3,30,3/8/2022,Rajshahi_Division,Natore, Kaligong Sub-Health Center,August,2022,900,900,100,4,8,20,40,69,,0,0,89,89,25,3,3,,0,12,0,0,0,0,1,0,0,0,0,0,0,0,0,0,0,1,0,1,0,0,0,0,1,0,0,0,0,0,,,,,,,,,,,0,0,0,2,1,0,0,0,0,0,0,0,0,0,0
2022,August,BRAC,Rajshahi_Division,Natore, Kaligong Sub-Health Cente,MTB detected,0,7,7,0,0,0,0,0,0,0,0,0,0,0,0,0,0,0,0,0,0,0,0,0,0,,0,0,0,0,0,0,,,,,,,,,,,,,,,,,,,,,,,,,,,,,,,,,,,,,,,,,,,,,,,,,,,,,,,,,,,,,,,,,,,,,,,,,,,,,,,,,,,,,,,,,,,,,,,,,,,0,0,0,0,14,0,0,0,0,0,0,0,0,0,0
2022,August,BRAC,Rajshahi_Division,Natore, Kaligong Sub-Health Cente,RR TB detected,0,0,0,0,0,0,0,0,0,0,0,0,0,0,0,0,0,0,0,0,0,0,0,0,0,,0,0,0,0,0,0,,,,,,,,,,,,,,,,,,,,,,,,,,,,,,,,,,,,,,,,,,,,,,,,,,,,,,,,,,,,,,,,,,,,,,,,,,,,,,,,,,,,,,,,,,,,,,,,,,,0,0,0,0,6,0,0,0,0,0,0,0,0,0,0
2022,August,BRAC,Rajshahi_Division,Natore, Nashratpur FWC PL,Tested by Xpert MTB/RIF,0,90,90,0,0,0,0,1,1,0,0,0,0,0,0,0,0,0,0,0,0,0,0,0,0,,0,2,0,0,0,0,90,2,92,13,0,0,77,0,0,0,2,13,0,0,79,2,0,3,0,0,0,5,0,1,1,2,1,1,2,94,97,14,63,2,43,2/8/2022,Rajshahi_Division,Natore, Nashratpur FWC PL,August,2022,900,900,100,8,8,20,40,70,,0,0,155,105,63,2,2,,0,13,0,0,0,0,1,0,0,0,0,0,0,0,0,0,0,1,0,0,0,0,0,0,1,0,0,0,2,2,,,,,,,,,,,0,0,0,1,11,0,0,0,0,0,0,0,0,0,0
2022,August,BRAC,Rajshahi_Division,Natore, Nashratpur FWC PL,MTB detected,0,13,13,0,0,0,0,0,0,0,0,0,0,0,0,0,0,0,0,0,0,0,0,0,0,,0,0,0,0,0,0,,,,,,,,,,,,,,,,,,,,,,,,,,,,,,,,,,,,,,,,,,,,,,,,,,,,,,,,,,,,,,,,,,,,,,,,,,,,,,,,,,,,,,,,,,,,,,,,,,,0,0,0,0,13,0,0,0,0,0,0,0,0,0,0
2022,August,BRAC,Rajshahi_Division,Natore, Nashratpur FWC PL,RR TB detected,0,0,0,0,0,0,0,0,0,0,0,0,0,0,0,0,0,0,0,0,0,0,0,0,0,,0,0,0,0,0,0,,,,,,,,,,,,,,,,,,,,,,,,,,,,,,,,,,,,,,,,,,,,,,,,,,,,,,,,,,,,,,,,,,,,,,,,,,,,,,,,,,,,,,,,,,,,,,,,,,,0,1,0,0,9,0,0,0,0,0,0,0,0,0,0
2022,August,BRAC,Rajshahi_Division,Pabna, PL Aowtapara UP,Tested by Xpert MTB/RIF,0,43,43,0,0,0,0,2,0,0,0,0,0,0,0,0,0,0,0,0,0,0,0,0,0,,0,2,0,0,0,0,43,2,45,3,0,0,40,0,0,0,2,3,0,0,42,9,0,3,0,0,0,12,0,1,1,2,1,1,2,66,57,3,0,0,47,7/8/2022,Rajshahi_Division,Pabna, Pl Natiabari RD,August,2022,900,900,100,8,8,20,42,72,,0,0,67,67,0,0,3,,0,15,0,0,0,0,0,0,0,0,0,0,0,0,0,0,0,3,0,0,0,0,0,0,0,0,0,0,5,2,,,,,,,,,,,0,2,0,0,9,0,0,0,0,0,0,0,0,0,0
2022,August,BRAC,Rajshahi_Division,Pabna, PL Aowtapara UP,MTB detected,0,3,3,0,0,0,0,0,0,0,0,0,0,0,0,0,0,0,0,0,0,0,0,0,0,,0,0,0,0,0,0,,,,,,,,,,,,,,,,,,,,,,,,,,,,,,,,,,,,,,,,,,,,,,,,,,,,,,,,,,,,,,,,,,,,,,,,,,,,,,,,,,,,,,,,,,,,,,,,,,,0,0,0,0,8,0,0,0,0,0,0,0,0,0,0
2022,August,BRAC,Rajshahi_Division,Pabna, PL Aowtapara UP,RR TB detected,0,0,0,0,0,0,0,0,0,0,0,0,0,0,0,0,0,0,0,0,0,0,0,0,0,,0,0,0,0,0,0,,,,,,,,,,,,,,,,,,,,,,,,,,,,,,,,,,,,,,,,,,,,,,,,,,,,,,,,,,,,,,,,,,,,,,,,,,,,,,,,,,,,,,,,,,,,,,,,,,,0,0,0,0,11,0,0,0,0,0,0,0,0,0,0
2022,August,BRAC,Rajshahi_Division,Pabna, Pl Natiabari RD,Tested by Xpert MTB/RIF,0,67,67,0,0,0,0,2,0,0,0,0,0,0,0,0,0,0,0,0,0,0,0,0,0,,0,2,0,0,0,0,67,2,69,6,0,0,61,0,0,0,2,6,0,0,63,2,0,5,0,0,0,7,0,1,1,2,1,1,2,72,73,9,203,9,49,10/8/2022,Rajshahi_Division,Pabna, PL Aowtapara UP,August,2022,900,900,100,8,8,20,42,70,,0,0,43,43,203,9,21,,0,13,0,0,0,0,1,0,0,0,0,0,0,0,0,0,0,2,0,18,0,0,0,0,0,1,0,0,2,9,,,,,,,,,,,0,0,0,0,1,0,0,0,0,0,0,0,0,0,0
2022,August,BRAC,Rajshahi_Division,Pabna, Pl Natiabari RD,MTB detected,0,6,6,0,0,0,0,0,0,0,0,0,0,0,0,0,0,0,0,0,0,0,0,0,0,,0,0,0,0,0,0,,,,,,,,,,,,,,,,,,,,,,,,,,,,,,,,,,,,,,,,,,,,,,,,,,,,,,,,,,,,,,,,,,,,,,,,,,,,,,,,,,,,,,,,,,,,,,,,,,,0,2,1,0,4,0,0,0,0,0,0,0,0,0,0
2022,August,BRAC,Rajshahi_Division,Pabna, Pl Natiabari RD,RR TB detected,0,0,0,0,0,0,0,0,0,0,0,0,0,0,0,0,0,0,0,0,0,0,0,0,0,,0,0,0,0,0,0,,,,,,,,,,,,,,,,,,,,,,,,,,,,,,,,,,,,,,,,,,,,,,,,,,,,,,,,,,,,,,,,,,,,,,,,,,,,,,,,,,,,,,,,,,,,,,,,,,,0,0,0,0,4,0,0,0,0,0,0,0,0,0,0
2022,August,BRAC,Rajshahi_Division,Sirajganj, Khukni Pheferipal Lab,Tested by Xpert MTB/RIF,0,104,104,0,0,0,0,0,0,0,0,0,0,0,0,0,0,0,0,0,0,0,0,0,0,,0,0,0,0,0,0,104,0,104,5,0,0,99,0,0,0,0,5,0,0,99,4,0,3,0,0,0,7,0,1,1,2,1,1,2,108,111,5,131,6,34,13/8/2022,Rajshahi_Division,Sirajganj, Khukni Pheferipal Lab,August,2022,900,900,100,0,0,0,0,0,,3,0,235,104,131,6,4,,0,11,0,0,0,0,3,0,0,0,0,0,0,0,0,0,0,1,0,0,0,0,0,0,1,0,1,0,1,4,,,,,,,,,,,0,0,0,0,9,0,0,0,0,0,0,0,0,0,3
2022,August,BRAC,Rajshahi_Division,Sirajganj, Khukni Pheferipal Lab,MTB detected,0,5,5,0,0,0,0,0,0,0,0,0,0,0,0,0,0,0,0,0,0,0,0,0,0,,0,0,0,0,0,0,,,,,,,,,,,,,,,,,,,,,,,,,,,,,,,,,,,,,,,,,,,,,,,,,,,,,,,,,,,,,,,,,,,,,,,,,,,,,,,,,,,,,,,,,,,,,,,,,,,2,0,0,0,2,0,0,0,0,0,0,0,0,0,0
2022,August,BRAC,Rajshahi_Division,Sirajganj, Khukni Pheferipal Lab,RR TB detected,0,0,0,0,0,0,0,0,0,0,0,0,0,0,0,0,0,0,0,0,0,0,0,0,0,,0,0,0,0,0,0,,,,,,,,,,,,,,,,,,,,,,,,,,,,,,,,,,,,,,,,,,,,,,,,,,,,,,,,,,,,,,,,,,,,,,,,,,,,,,,,,,,,,,,,,,,,,,,,,,,0,0,0,0,0,0,0,0,0,0,0,0,0,0,0
2022,September,Damien Foundation,Rajshahi_Division,Rajshahi, Naowhata H & FWC,Tested by Xpert MTB/RIF,0,103,103,0,0,0,0,2,0,0,0,0,0,0,0,0,0,0,0,0,0,0,0,0,0,,0,2,0,1,0,1,104,2,106,1,0,0,103,1,0,0,1,2,0,0,104,1,1,3,0,3,0,8,0,1,1,2,1,1,2,109,111,5,,,,,Rajshahi_Division,Rajshahi, Naowhata H & FWC,September,2022,841,845,97,6.5,6.5,22,45,65,,1,0,115,106,,,1,,0,21,0,0,0,1,0,0,0,0,0,0,0,0,0,0,0,0,0,0,0,0,0,0,0,1,0,0,1,0,,,,,,,,,,,0,0,0,0,14,0,0,0,0,0,0,0,0,0,0
2022,September,Damien Foundation,Rajshahi_Division,Rajshahi, Naowhata H & FWC,MTB detected,0,1,1,0,0,0,0,1,0,0,0,0,0,0,0,0,0,0,0,0,0,0,0,0,0,,0,1,0,0,0,0,,,,,,,,,,,,,,,,,,,,,,,,,,,,,,,,,,,,,,,,,,,,,,,,,,,,,,,,,,,,,,,,,,,,,,,,,,,,,,,,,,,,,,,,,,,,,,,,,,,0,0,0,6,1,0,0,0,0,0,0,0,0,0,0
2022,September,Damien Foundation,Rajshahi_Division,Rajshahi, Naowhata H & FWC,RR TB detected,0,0,0,0,0,0,0,0,0,0,0,0,0,0,0,0,0,0,0,0,0,0,0,0,0,,0,0,0,0,0,0,,,,,,,,,,,,,,,,,,,,,,,,,,,,,,,,,,,,,,,,,,,,,,,,,,,,,,,,,,,,,,,,,,,,,,,,,,,,,,,,,,,,,,,,,,,,,,,,,,,0,0,0,2,11,0,0,0,0,0,0,0,0,0,2
2022,September,Damien Foundation,Rajshahi_Division,Nawabganj, Shibganj 2nd Lab,Tested by Xpert MTB/RIF,0,27,27,0,0,0,0,0,0,0,0,0,0,0,0,0,0,0,0,0,0,0,0,0,0,,0,0,0,0,0,0,27,0,27,0,0,0,27,0,0,0,0,0,0,0,27,0,0,2,0,0,0,2,0,1,1,2,1,1,2,27,29,0,,,,,Rajshahi_Division,C.Nawabganj, Shibganj 2nd Lab,September,2022,900,900,100,6,6,22,45,65,,0,0,59,27,,,0,,0,21,0,0,0,0,0,0,0,0,0,0,0,0,0,0,0,0,0,0,0,0,0,0,0,0,0,0,2,0,,,,,,,,,,,0,0,0,1,36,0,0,0,0,0,0,0,0,0,0
2022,September,Damien Foundation,Rajshahi_Division,Nawabganj, Shibganj 2nd Lab,MTB detected,0,0,0,0,0,0,0,0,0,0,0,0,0,0,0,0,0,0,0,0,0,0,0,0,0,,0,0,0,0,0,0,,,,,,,,,,,,,,,,,,,,,,,,,,,,,,,,,,,,,,,,,,,,,,,,,,,,,,,,,,,,,,,,,,,,,,,,,,,,,,,,,,,,,,,,,,,,,,,,,,,0,0,2,0,15,0,0,0,0,0,0,0,0,0,0
2022,September,Damien Foundation,Rajshahi_Division,Nawabganj, Shibganj 2nd Lab,RR TB detected,0,0,0,0,0,0,0,0,0,0,0,0,0,0,0,0,0,0,0,0,0,0,0,0,0,,0,0,0,0,0,0,,,,,,,,,,,,,,,,,,,,,,,,,,,,,,,,,,,,,,,,,,,,,,,,,,,,,,,,,,,,,,,,,,,,,,,,,,,,,,,,,,,,,,,,,,,,,,,,,,,0,0,0,0,6,0,0,0,0,0,0,0,0,0,0
2022,September,Damien Foundation,Rajshahi_Division,Naogaon, Nindoin Community Clinic ,Tested by Xpert MTB/RIF,0,116,116,0,0,1,0,4,0,0,0,0,0,0,0,0,0,0,0,0,0,0,0,0,0,,0,5,0,0,0,0,116,5,121,2,0,0,114,1,0,0,4,3,0,0,118,2,0,6,0,0,1,9,0,1,1,2,1,1,2,123,129,4,,,,,Rajshahi_Division,Nogaon, Nindoin Community Clinic,September,2022,926,877,149,6.5,6.5,22,45,65,,0,0,121,121,,,0,,0,21,0,0,2,0,0,0,0,0,0,0,0,0,0,0,0,0,0,0,0,0,0,0,0,0,0,0,0,0,,,,,,,,,,,1,0,0,1,2,0,0,0,0,0,0,0,0,0,0
2022,September,Damien Foundation,Rajshahi_Division,Naogaon, Nindoin Community Clinic ,MTB detected,0,2,2,0,0,1,0,0,0,0,0,0,0,0,0,0,0,0,0,0,0,0,0,0,0,,0,1,0,0,0,0,,,,,,,,,,,,,,,,,,,,,,,,,,,,,,,,,,,,,,,,,,,,,,,,,,,,,,,,,,,,,,,,,,,,,,,,,,,,,,,,,,,,,,,,,,,,,,,,,,,0,0,0,0,5,0,0,0,0,0,0,0,0,0,0
2022,September,Damien Foundation,Rajshahi_Division,Naogaon, Nindoin Community Clinic ,RR TB detected,0,0,0,0,0,0,0,0,0,0,0,0,0,0,0,0,0,0,0,0,0,0,0,0,0,,0,0,0,0,0,0,,,,,,,,,,,,,,,,,,,,,,,,,,,,,,,,,,,,,,,,,,,,,,,,,,,,,,,,,,,,,,,,,,,,,,,,,,,,,,,,,,,,,,,,,,,,,,,,,,,0,0,0,0,2,0,0,0,0,0,0,0,0,0,0
2022,September,Damien Foundation,Rajshahi_Division,Rajshahi, Hatkhujipur-FWC,Tested by Xpert MTB/RIF,0,70,70,0,0,0,0,1,0,0,0,0,0,0,0,0,0,0,0,0,0,0,0,0,0,,0,1,0,0,0,0,70,1,71,1,0,0,69,1,0,2,0,2,0,2,69,0,0,4,0,0,0,4,0,1,1,2,1,1,2,71,71,5,,,,,Rajshahi_Division,Rajshahi, Hatkhujipur-FWC,September,2022,0,0,0,6,6,22,50,70,,0,0,70,71,,,0,,2,21,0,0,0,0,0,0,0,0,0,0,0,0,0,0,0,0,0,0,0,0,0,0,1,0,0,0,0,0,,,,,,,,,,,0,0,0,0,7,0,0,0,0,0,0,0,0,0,0
2022,September,Damien Foundation,Rajshahi_Division,Rajshahi, Hatkhujipur-FWC,MTB detected,0,1,1,0,0,0,0,1,0,0,0,0,0,0,0,0,0,0,0,0,0,0,0,0,0,,0,1,0,0,0,0,,,,,,,,,,,,,,,,,,,,,,,,,,,,,,,,,,,,,,,,,,,,,,,,,,,,,,,,,,,,,,,,,,,,,,,,,,,,,,,,,,,,,,,,,,,,,,,,,,,0,0,0,1,6,0,0,0,0,0,0,0,0,0,0
2022,September,Damien Foundation,Rajshahi_Division,Rajshahi, Hatkhujipur-FWC,RR TB detected,0,0,0,0,0,0,0,0,0,0,0,0,0,0,0,0,0,0,0,0,0,0,0,0,0,,0,0,0,0,0,0,,,,,,,,,,,,,,,,,,,,,,,,,,,,,,,,,,,,,,,,,,,,,,,,,,,,,,,,,,,,,,,,,,,,,,,,,,,,,,,,,,,,,,,,,,,,,,,,,,,1,0,0,0,4,0,0,0,0,0,0,0,0,0,0
2022,September,BRAC,Rajshahi_Division,Sirajganj," 31 Beded Hospital , Bagbati",Tested by Xpert MTB/RIF,0,150,150,0,0,0,2,0,0,0,0,0,0,0,0,0,0,0,0,0,0,0,0,0,0,,0,2,0,0,0,0,150,2,152,10,0,0,140,1,0,0,1,11,0,0,141,0,4,0,0,0,0,4,0,1,1,2,1,1,2,160,155,13,,,,,Rajshahi_Division,Sirajganj," 31 Beded Hospital, Bagbati",September,2022,900,900,100,8,8,20,40,68,,0,0,385,150,225,4,8,,1,21,0,0,0,3,5,0,0,0,0,0,0,0,0,0,0,0,0,0,0,0,0,0,0,0,0,0,3,1,,,,,,,,,,,0,0,0,0,7,0,0,0,0,0,0,0,0,0,0
2022,September,BRAC,Rajshahi_Division,Pabna, PL Aowtapara UP,MTB detected,0,6,6,0,0,1,0,0,0,0,0,0,0,0,0,0,0,0,0,0,0,0,0,0,0,,0,1,0,0,0,0,,,,,,,,,,,,,,,,,,,,,,,,,,,,,,,,,,,,,,,,,,,,,,,,,,,,,,,,,,,,,,,,,,,,,,,,,,,,,,,,,,,,,,,,,,,,,,,,,,,,,,,,,,,,,,,,,
2022,September,BRAC,Rajshahi_Division,Pabna, PL Aowtapara UP,RR TB detected,0,0,0,0,0,0,0,0,0,0,0,0,0,0,0,0,0,0,0,0,0,0,0,0,0,,0,0,0,0,0,0,,,,,,,,,,,,,,,,,,,,,,,,,,,,,,,,,,,,,,,,,,,,,,,,,,,,,,,,,,,,,,,,,,,,,,,,,,,,,,,,,,,,,,,,,,,,,,,,,,,,,,,,,,,,,,,,,
2022,September,BRAC,Rajshahi_Division,Sirajganj," 31 Beded Hospital , Bagbati",MTB detected,0,10,10,0,0,0,1,0,0,0,0,0,0,0,0,0,0,0,0,0,0,0,0,0,0,,0,1,0,0,0,0,,,,,,,,,,,,,,,,,,,,,,,,,,,,,,,,,,,,,,,,,,,,,,,,,,,,,,,,,,,,,,,,,,,,,,,,,,,,,,,,,,,,,,,,,,,,,,,,,,,,,,,,,,,,,,,,,
2022,September,BRAC,Rajshahi_Division,Sirajganj," 31 Beded Hospital , Bagbati",RR TB detected,0,0,0,0,0,0,0,0,0,0,0,0,0,0,0,0,0,0,0,0,0,0,0,0,0,,0,0,0,0,0,0,,,,,,,,,,,,,,,,,,,,,,,,,,,,,,,,,,,,,,,,,,,,,,,,,,,,,,,,,,,,,,,,,,,,,,,,,,,,,,,,,,,,,,,,,,,,,,,,,,,,,,,,,,,,,,,,,
2022,September,BRAC,Rajshahi_Division,Bogra, Bamunia Peripharal Lab,Tested by Xpert MTB/RIF,0,171,171,0,0,0,0,0,0,0,0,0,0,0,0,0,0,0,0,0,0,0,0,0,0,,0,0,0,0,0,0,171,0,171,13,0,0,158,0,0,0,0,13,0,0,158,3,0,7,0,0,0,10,0,1,1,2,1,1,2,171,181,15,,,,,Rajshahi_Division,Bogura, Bamunia Peripharal Lab,September,2022,900,900,100,8,8,20,40,68,,0,0,250,171,69,3,2,,2,21,0,0,0,0,2,0,0,0,0,0,0,0,0,0,0,0,0,0,0,0,0,0,0,2,0,0,1,4,,,,,,,,,,,,,,,,,,,,,,,,,
2022,September,BRAC,Rajshahi_Division,Bogra, Bamunia Peripharal Lab,MTB detected,0,13,13,0,0,0,0,0,0,0,0,0,0,0,0,0,0,0,0,0,0,0,0,0,0,,0,0,0,0,0,0,,,,,,,,,,,,,,,,,,,,,,,,,,,,,,,,,,,,,,,,,,,,,,,,,,,,,,,,,,,,,,,,,,,,,,,,,,,,,,,,,,,,,,,,,,,,,,,,,,,,,,,,,,,,,,,,,
2022,September,BRAC,Rajshahi_Division,Bogra, Bamunia Peripharal Lab,RR TB detected,0,0,0,0,0,0,0,0,0,0,0,0,0,0,0,0,0,0,0,0,0,0,0,0,0,,0,0,0,0,0,0,,,,,,,,,,,,,,,,,,,,,,,,,,,,,,,,,,,,,,,,,,,,,,,,,,,,,,,,,,,,,,,,,,,,,,,,,,,,,,,,,,,,,,,,,,,,,,,,,,,,,,,,,,,,,,,,,
2022,September,BRAC,Rajshahi_Division,Bogra, Chonka Peripharal Lab,MTB detected,0,11,11,0,0,1,0,0,0,0,0,0,0,0,0,0,0,0,0,0,0,0,0,0,0,,0,1,0,0,0,0,,,,,,,,,,,,,,,,,,,,,,,,,,,,,,,,,,,,,,,,,,,,,,,,,,,,,,,,,,,,,,,,,,,,,,,,,,,,,,,,,,,,,,,,,,,,,,,,,,,,,,,,,,,,,,,,,
2022,September,BRAC,Rajshahi_Division,Bogra, Chonka Peripharal Lab,RR TB detected,0,0,0,0,0,0,0,0,0,0,0,0,0,0,0,0,0,0,0,0,0,0,0,0,0,,0,0,0,0,0,0,,,,,,,,,,,,,,,,,,,,,,,,,,,,,,,,,,,,,,,,,,,,,,,,,,,,,,,,,,,,,,,,,,,,,,,,,,,,,,,,,,,,,,,,,,,,,,,,,,,,,,,,,,,,,,,,,
2022,September,BRAC,Rajshahi_Division,Bogra, Chonka Peripharal Lab,Tested by Xpert MTB/RIF,0,162,162,0,0,1,0,0,0,0,0,0,0,0,0,0,0,0,0,0,0,0,0,0,0,,0,1,0,0,0,0,162,1,163,11,0,3,151,1,0,0,0,12,0,3,151,1,0,1,0,0,0,2,0,1,1,2,1,1,2,180,168,15,,,,,Rajshahi_Division,Bogura, Chonka Peripharal Lab,September,2022,900,900,100,8.5,9,20,40,70,,0,0,217,162,55,1,12,,3,21,0,0,0,0,17,0,0,0,0,0,0,0,0,0,0,0,0,0,0,0,0,0,1,0,0,0,0,1,,,,,,,,,,,,,,,,,,,,,,,,,
2022,September,BRAC,Rajshahi_Division,Bogra, Ganganagar Peripharal Lab ,Tested by Xpert MTB/RIF,0,153,153,1,0,0,0,0,0,0,0,0,0,0,0,0,0,0,0,0,0,0,0,0,0,,0,1,0,0,0,0,153,1,154,3,0,0,150,0,1,0,0,3,1,0,150,6,0,6,0,0,0,12,0,1,1,2,1,1,2,160,166,3,,,,,Rajshahi_Division,Bogura, Ganganagar Peripharal Lab,September,2022,900,900,100,8,8,20,40,63,,0,0,247,154,76,2,12,,0,21,0,0,0,12,0,0,0,0,0,0,0,0,0,0,0,0,0,0,0,0,0,0,0,3,0,0,5,6,,,,,,,,,,,,,,,,,,,,,,,,,
2022,September,BRAC,Rajshahi_Division,Bogra, Ganganagar Peripharal Lab ,MTB detected,0,3,3,1,0,0,0,0,0,0,0,0,0,0,0,0,0,0,0,0,0,0,0,0,0,,0,1,0,0,0,0,,,,,,,,,,,,,,,,,,,,,,,,,,,,,,,,,,,,,,,,,,,,,,,,,,,,,,,,,,,,,,,,,,,,,,,,,,,,,,,,,,,,,,,,,,,,,,,,,,,,,,,,,,,,,,,,,
2022,September,BRAC,Rajshahi_Division,Bogra, Ganganagar Peripharal Lab ,RR TB detected,0,0,0,1,0,0,0,0,0,0,0,0,0,0,0,0,0,0,0,0,0,0,0,0,0,,0,1,0,0,0,0,,,,,,,,,,,,,,,,,,,,,,,,,,,,,,,,,,,,,,,,,,,,,,,,,,,,,,,,,,,,,,,,,,,,,,,,,,,,,,,,,,,,,,,,,,,,,,,,,,,,,,,,,,,,,,,,,
2022,September,BRAC,Rajshahi_Division,Bogra, Gossainbari FWC,Tested by Xpert MTB/RIF,0,145,145,0,0,0,1,0,1,0,0,0,0,0,0,0,0,0,0,0,0,0,0,0,0,,0,2,0,0,0,0,145,2,147,15,0,2,130,2,0,0,0,17,0,2,130,5,0,1,0,0,0,6,0,1,1,2,1,1,2,161,155,19,,,,,Rajshahi_Division,Bogura, Gossainbari FWC,September,2022,900,900,100,6.5,7.5,20,40,75,,16,0,219,145,74,4,12,,2,21,0,0,0,0,8,0,0,0,0,0,0,0,0,0,0,4,0,0,0,0,0,0,0,0,0,0,0,0,,,,,,,,,,,,,,,,,,,,,,,,,
2022,September,BRAC,Rajshahi_Division,Bogra, Gossainbari FWC,MTB detected,0,15,15,0,0,0,1,0,1,0,0,0,0,0,0,0,0,0,0,0,0,0,0,0,0,,0,2,0,0,0,0,,,,,,,,,,,,,,,,,,,,,,,,,,,,,,,,,,,,,,,,,,,,,,,,,,,,,,,,,,,,,,,,,,,,,,,,,,,,,,,,,,,,,,,,,,,,,,,,,,,,,,,,,,,,,,,,,
2022,September,BRAC,Rajshahi_Division,Bogra, Gossainbari FWC,RR TB detected,0,0,0,0,0,0,0,0,0,0,0,0,0,0,0,0,0,0,0,0,0,0,0,0,0,,0,0,0,0,0,0,,,,,,,,,,,,,,,,,,,,,,,,,,,,,,,,,,,,,,,,,,,,,,,,,,,,,,,,,,,,,,,,,,,,,,,,,,,,,,,,,,,,,,,,,,,,,,,,,,,,,,,,,,,,,,,,,
2022,September,BRAC,Rajshahi_Division,Natore, Kaligong Sub-Health Cente,Tested by Xpert MTB/RIF,0,101,101,0,0,1,0,0,0,0,0,0,0,0,0,0,0,0,0,0,0,0,0,0,0,,0,1,0,0,0,0,101,1,102,7,0,0,94,1,0,0,0,8,0,0,94,2,2,1,0,0,0,5,0,1,1,2,1,1,2,112,107,8,,,,,Rajshahi_Division,Natore, Kaligong Sub-Health Center,September,2022,900,900,100,0.229166667,5,20,55,60,,8,8,133,102,32,0,5,,0,21,0,0,0,0,5,0,0,0,0,0,0,0,0,0,0,0,0,0,0,0,0,0,0,0,1,0,0,4,,,,,,,,,,,,,,,,,,,,,,,,,
2022,September,BRAC,Rajshahi_Division,Natore, Kaligong Sub-Health Cente,MTB detected,0,7,7,0,0,1,0,0,0,0,0,0,0,0,0,0,0,0,0,0,0,0,0,0,0,,0,1,0,0,0,0,,,,,,,,,,,,,,,,,,,,,,,,,,,,,,,,,,,,,,,,,,,,,,,,,,,,,,,,,,,,,,,,,,,,,,,,,,,,,,,,,,,,,,,,,,,,,,,,,,,,,,,,,,,,,,,,,
2022,September,BRAC,Rajshahi_Division,Natore, Kaligong Sub-Health Cente,RR TB detected,0,0,0,0,0,0,0,0,0,0,0,0,0,0,0,0,0,0,0,0,0,0,0,0,0,,0,0,0,0,0,0,,,,,,,,,,,,,,,,,,,,,,,,,,,,,,,,,,,,,,,,,,,,,,,,,,,,,,,,,,,,,,,,,,,,,,,,,,,,,,,,,,,,,,,,,,,,,,,,,,,,,,,,,,,,,,,,,
2022,September,BRAC,Rajshahi_Division,Sirajganj, Khukni Pheferipal Lab,Tested by Xpert MTB/RIF,0,202,202,0,0,1,0,0,0,0,0,0,0,0,0,0,0,0,0,0,0,0,0,0,0,,0,1,0,0,0,0,202,1,203,9,0,0,193,1,0,0,0,10,0,0,193,6,0,3,0,0,1,10,0,1,1,2,1,1,2,213,212,11,,,,,Rajshahi_Division,Sirajganj, Khukni Pheferipal Lab,September,2022,900,900,100,8,8,20,40,60,,0,0,383,202,170,4,10,,0,21,0,0,0,4,6,0,0,0,0,0,0,0,0,0,0,0,0,0,0,0,0,0,0,0,0,0,6,3,,,,,,,,,,,,,,,,,,,,,,,,,
2022,September,BRAC,Rajshahi_Division,Sirajganj, Khukni Pheferipal Lab,MTB detected,0,9,9,0,0,1,0,0,0,0,0,0,0,0,0,0,0,0,0,0,0,0,0,0,0,,0,1,0,0,0,0,,,,,,,,,,,,,,,,,,,,,,,,,,,,,,,,,,,,,,,,,,,,,,,,,,,,,,,,,,,,,,,,,,,,,,,,,,,,,,,,,,,,,,,,,,,,,,,,,,,0,0,0,3,4,0,0,0,0,0,0,0,0,0,0
2022,September,BRAC,Rajshahi_Division,Sirajganj, Khukni Pheferipal Lab,RR TB detected,0,0,0,0,0,0,0,0,0,0,0,0,0,0,0,0,0,0,0,0,0,0,0,0,0,,0,0,0,0,0,0,,,,,,,,,,,,,,,,,,,,,,,,,,,,,,,,,,,,,,,,,,,,,,,,,,,,,,,,,,,,,,,,,,,,,,,,,,,,,,,,,,,,,,,,,,,,,,,,,,,1,0,0,0,4,0,0,0,0,0,0,0,0,0,0
2022,September,BRAC,Rajshahi_Division,Natore, Nashratpur FWC PL,Tested by Xpert MTB/RIF,9,113,122,0,1,1,0,0,0,0,0,0,0,0,0,0,0,0,0,0,0,0,0,0,0,,0,2,0,0,0,0,122,2,124,8,0,1,114,2,0,0,0,10,0,1,114,3,1,0,0,0,0,4,0,1,1,2,1,1,2,124,129,11,,,,,Rajshahi_Division,Natore, Nashratpur FWC PL,September,2022,900,900,100,8,8,20,45,70,,0,0,151,124,27,0,0,,1,21,0,0,0,0,0,0,0,0,0,0,0,0,0,0,0,0,0,0,0,0,0,0,0,0,0,0,2,3,,,,,,,,,,,0,0,0,0,8,0,0,0,0,0,0,0,0,0,0
2022,September,BRAC,Rajshahi_Division,Pabna, PL Aowtapara UP,Tested by Xpert MTB/RIF,0,126,126,0,0,1,0,1,0,0,0,0,0,0,0,0,0,0,0,0,0,0,0,0,0,,0,2,0,0,0,0,126,2,128,6,0,0,120,1,0,0,1,7,0,0,121,8,0,0,0,0,0,8,0,1,1,2,1,1,2,132,136,8,,,,,Rajshahi_Division,Pabna, PL Aowtapara UP,September,2022,900,900,100,9,9,20,40,65,,0,1,131,128,0,0,4,,1,21,0,0,0,0,0,0,0,0,0,0,0,0,0,0,0,0,0,0,0,0,0,0,0,0,0,0,0,8,,,,,,,,,,,0,0,1,0,2,0,0,0,0,0,0,0,0,0,0
2022,September,BRAC,Rajshahi_Division,Natore, Nashratpur FWC PL,MTB detected,3,5,8,0,1,1,0,0,0,0,0,0,0,0,0,0,0,0,0,0,0,0,0,0,0,,0,2,0,0,0,0,,,,,,,,,,,,,,,,,,,,,,,,,,,,,,,,,,,,,,,,,,,,,,,,,,,,,,,,,,,,,,,,,,,,,,,,,,,,,,,,,,,,,,,,,,,,,,,,,,,0,0,0,0,1,0,0,0,0,0,0,0,0,0,0
2022,September,BRAC,Rajshahi_Division,Natore, Nashratpur FWC PL,RR TB detected,0,0,0,0,0,0,0,0,0,0,0,0,0,0,0,0,0,0,0,0,0,0,0,0,0,,0,0,0,0,0,0,,,,,,,,,,,,,,,,,,,,,,,,,,,,,,,,,,,,,,,,,,,,,,,,,,,,,,,,,,,,,,,,,,,,,,,,,,,,,,,,,,,,,,,,,,,,,,,,,,,0,0,0,0,8,0,0,0,0,0,0,0,0,0,0
2022,September,BRAC,Rajshahi_Division,Pabna, Pl Natiabari RD,Tested by Xpert MTB/RIF,0,157,157,0,0,0,0,2,0,0,0,0,0,0,0,0,0,0,0,0,0,0,0,0,0,,0,2,0,0,0,0,157,2,159,9,0,0,148,0,0,0,2,9,0,0,150,7,0,8,0,0,0,15,0,1,1,2,1,1,2,163,171,12,,,,,Rajshahi_Division,Pabna, Pl Natiabari RD,September,2022,900,900,100,8,8,20,40,65,,0,0,251,159,83,2,4,,0,21,0,0,0,0,0,0,0,0,0,0,0,0,0,0,0,4,0,0,0,0,0,0,0,0,0,0,0,12,,,,,,,,,,,1,0,0,9,4,0,0,0,0,0,0,0,0,0,0
2022,September,BRAC,Rajshahi_Division,Bogra, Zorgacha FWC,MTB detected,0,13,13,0,0,0,0,0,0,0,0,0,0,0,0,0,0,0,0,0,0,0,0,0,0,,0,0,0,0,0,0,,,,,,,,,,,,,,,,,,,,,,,,,,,,,,,,,,,,,,,,,,,,,,,,,,,,,,,,,,,,,,,,,,,,,,,,,,,,,,,,,,,,,,,,,,,,,,,,,,,1,0,0,0,3,0,0,0,0,0,0,0,0,0,0
2022,September,BRAC,Rajshahi_Division,Bogra, Zorgacha FWC,RR TB detected,0,0,0,0,0,0,0,0,0,0,0,0,0,0,0,0,0,0,0,0,0,0,0,0,0,,0,0,0,0,0,0,,,,,,,,,,,,,,,,,,,,,,,,,,,,,,,,,,,,,,,,,,,,,,,,,,,,,,,,,,,,,,,,,,,,,,,,,,,,,,,,,,,,,,,,,,,,,,,,,,,1,0,0,1,18,0,0,0,0,0,0,0,0,0,0
2022,September,BRAC,Rajshahi_Division,Bogra, Zorgacha FWC,Tested by Xpert MTB/RIF,0,141,141,0,0,0,0,0,0,0,0,0,0,0,0,0,0,0,0,0,0,0,0,0,0,,0,0,0,0,0,0,141,0,141,13,0,0,128,0,0,0,0,13,0,0,128,3,3,0,0,1,0,7,0,1,1,2,1,1,2,148,147,15,,,,,Rajshahi_Division,Bogura, Zorgacha FWC,September,2022,900,900,100,8,8,17,40,70,,1,0,170,141,29,0,7,,0,21,0,0,3,1,0,0,3,0,0,0,0,0,0,0,0,0,0,0,0,0,0,0,2,0,0,0,0,5,,,,,,,,,,,3,0,0,0,2,0,0,0,0,0,0,0,0,0,0
2022,September,BRAC,Rajshahi_Division,Pabna, Pl Natiabari RD,MTB detected,0,9,9,0,0,0,0,0,0,0,0,0,0,0,0,0,0,0,0,0,0,0,0,0,0,,0,0,0,0,0,0,,,,,,,,,,,,,,,,,,,,,,,,,,,,,,,,,,,,,,,,,,,,,,,,,,,,,,,,,,,,,,,,,,,,,,,,,,,,,,,,,,,,,,,,,,,,,,,,,,,1,0,0,0,5,0,0,0,0,0,0,0,0,0,0
2022,September,BRAC,Rajshahi_Division,Pabna, Pl Natiabari RD,RR TB detected,0,0,0,0,0,0,0,0,0,0,0,0,0,0,0,0,0,0,0,0,0,0,0,0,0,,0,0,0,0,0,0,,,,,,,,,,,,,,,,,,,,,,,,,,,,,,,,,,,,,,,,,,,,,,,,,,,,,,,,,,,,,,,,,,,,,,,,,,,,,,,,,,,,,,,,,,,,,,,,,,,0,0,0,0,4,0,0,0,0,0,0,0,0,0,0
2022,October,Damien Foundation,Rajshahi_Division,Naogaon, Nindoin Community Clinic ,Tested by Xpert MTB/RIF,0,105,105,0,0,0,0,4,0,0,0,0,0,0,0,0,0,0,0,0,0,0,0,0,0,,0,4,0,0,0,0,105,4,109,2,0,0,103,1,0,0,3,3,0,0,106,2,0,0,0,0,0,2,0,1,1,2,1,1,2,112,119,3,,,,,Rajshahi_Division,Nogaon, Nindoin Community Clinic,October,2022,803,748,145,8,8,22,43,68,,0,0,105,105,,,3,,0,22,0,0,0,0,0,0,0,0,0,0,0,0,0,0,0,0,0,3,0,0,0,0,0,0,0,0,0,2,,,,,,,,,,,0,0,0,0,8,0,0,0,0,0,0,0,0,0,0
2022,October,Damien Foundation,Rajshahi_Division,Naogaon, Nindoin Community Clinic ,MTB detected,0,2,2,0,0,0,0,1,0,0,0,0,0,0,0,0,0,0,0,0,0,0,0,0,0,,0,1,0,0,0,0,,,,,,,,,,,,,,,,,,,,,,,,,,,,,,,,,,,,,,,,,,,,,,,,,,,,,,,,,,,,,,,,,,,,,,,,,,,,,,,,,,,,,,,,,,,,,,,,,,,0,0,0,0,1,0,0,0,0,0,0,0,0,0,0
2022,October,Damien Foundation,Rajshahi_Division,Naogaon, Nindoin Community Clinic ,RR TB detected,0,0,0,0,0,0,0,0,0,0,0,0,0,0,0,0,0,0,0,0,0,0,0,0,0,,0,0,0,0,0,0,,,,,,,,,,,,,,,,,,,,,,,,,,,,,,,,,,,,,,,,,,,,,,,,,,,,,,,,,,,,,,,,,,,,,,,,,,,,,,,,,,,,,,,,,,,,,,,,,,,0,0,0,0,0,0,0,0,0,0,0,0,0,0,0
2022,October,Damien Foundation,Rajshahi_Division,Rajshahi, Hatkhujipur-FWC,Tested by Xpert MTB/RIF,0,126,126,0,0,0,0,1,0,0,0,0,0,0,0,0,0,0,0,0,0,0,0,0,0,,0,1,0,0,0,0,126,1,127,1,0,0,125,1,0,1,0,2,0,1,125,2,0,0,0,1,0,3,0,1,1,2,1,1,2,129,130,2,,,,,Rajshahi_Division,Rajshahi, Hatkhujipur-FWC,October,2022,736,742,92,7,7,21,43,66,,0,0,129,129,,,2,,0,22,0,0,0,0,0,0,0,0,0,0,0,0,0,0,0,0,0,0,0,0,0,0,0,1,0,0,0,2,,,,,,,,,,,0,0,0,5,5,0,0,0,0,0,0,0,0,0,0
2022,October,Damien Foundation,Rajshahi_Division,Rajshahi, Hatkhujipur-FWC,MTB detected,0,1,1,0,0,0,0,1,0,0,0,0,0,0,0,0,0,0,0,0,0,0,0,0,0,,0,1,0,0,0,0,,,,,,,,,,,,,,,,,,,,,,,,,,,,,,,,,,,,,,,,,,,,,,,,,,,,,,,,,,,,,,,,,,,,,,,,,,,,,,,,,,,,,,,,,,,,,,,,,,,0,0,0,1,6,0,0,0,0,0,0,0,0,0,0
2022,October,Damien Foundation,Rajshahi_Division,Rajshahi, Hatkhujipur-FWC,RR TB detected,0,0,0,0,0,0,0,0,0,0,0,0,0,0,0,0,0,0,0,0,0,0,0,0,0,,0,0,0,0,0,0,,,,,,,,,,,,,,,,,,,,,,,,,,,,,,,,,,,,,,,,,,,,,,,,,,,,,,,,,,,,,,,,,,,,,,,,,,,,,,,,,,,,,,,,,,,,,,,,,,,0,0,0,1,5,0,0,0,0,0,0,0,0,0,3
2022,October,Damien Foundation,Rajshahi_Division,Rajshahi, Naowhata H & FWC,Tested by Xpert MTB/RIF,0,125,125,0,0,1,0,4,1,0,0,0,0,0,0,0,0,0,0,0,0,0,0,0,0,,0,6,0,0,0,0,125,6,131,1,0,0,124,4,0,1,2,5,0,1,126,2,0,1,0,1,0,4,0,1,1,2,1,1,2,133,135,6,,,,,Rajshahi_Division,Rajshahi, Naowhata H & FWC,October,2022,734,734,91,7.5,7.5,21,45,68,,0,0,125,131,,,2,,1,22,0,0,0,0,2,0,0,0,0,0,0,0,0,0,0,0,0,0,0,0,0,0,0,1,0,0,0,2,,,,,,,,,,,,,,,,,,,,,,,,,
2022,October,Damien Foundation,Rajshahi_Division,Rajshahi, Naowhata H & FWC,MTB detected,0,1,1,0,0,1,0,2,1,0,0,0,0,0,0,0,0,0,0,0,0,0,0,0,0,,0,4,0,0,0,0,,,,,,,,,,,,,,,,,,,,,,,,,,,,,,,,,,,,,,,,,,,,,,,,,,,,,,,,,,,,,,,,,,,,,,,,,,,,,,,,,,,,,,,,,,,,,,,,,,,,,,,,,,,,,,,,,
2022,October,Damien Foundation,Rajshahi_Division,Rajshahi, Naowhata H & FWC,RR TB detected,0,0,0,0,0,0,0,0,0,0,0,0,0,0,0,0,0,0,0,0,0,0,0,0,0,,0,0,0,0,0,0,,,,,,,,,,,,,,,,,,,,,,,,,,,,,,,,,,,,,,,,,,,,,,,,,,,,,,,,,,,,,,,,,,,,,,,,,,,,,,,,,,,,,,,,,,,,,,,,,,,,,,,,,,,,,,,,,
2022,October,Damien Foundation,Rajshahi_Division,Nawabganj, Shibganj 2nd Lab,Tested by Xpert MTB/RIF,0,64,64,0,0,0,0,0,0,0,0,0,0,0,0,0,0,0,0,0,0,0,0,0,0,,0,0,0,0,0,0,64,0,64,2,0,0,62,0,0,0,0,2,0,0,62,0,0,2,0,0,0,2,0,1,1,2,1,1,2,64,66,2,,,,,Rajshahi_Division,C.Nawabganj, Shibganj 2nd Lab,October,2022,724,788,43,7,7,22,43,68,,0,0,72,64,,,0,,0,22,0,0,0,0,0,0,0,0,0,0,0,0,0,0,0,0,0,2,0,0,0,0,2,0,0,0,0,0,,,,,,,,,,,,,,,,,,,,,,,,,
2022,October,Damien Foundation,Rajshahi_Division,Nawabganj, Shibganj 2nd Lab,MTB detected,0,2,2,0,0,0,0,0,0,0,0,0,0,0,0,0,0,0,0,0,0,0,0,0,0,,0,0,0,0,0,0,,,,,,,,,,,,,,,,,,,,,,,,,,,,,,,,,,,,,,,,,,,,,,,,,,,,,,,,,,,,,,,,,,,,,,,,,,,,,,,,,,,,,,,,,,,,,,,,,,,,,,,,,,,,,,,,,
2022,October,Damien Foundation,Rajshahi_Division,Nawabganj, Shibganj 2nd Lab,RR TB detected,0,0,0,0,0,0,0,0,0,0,0,0,0,0,0,0,0,0,0,0,0,0,0,0,0,,0,0,0,0,0,0,,,,,,,,,,,,,,,,,,,,,,,,,,,,,,,,,,,,,,,,,,,,,,,,,,,,,,,,,,,,,,,,,,,,,,,,,,,,,,,,,,,,,,,,,,,,,,,,,,,,,,,,,,,,,,,,,
2022,October,BRAC,Rajshahi_Division,Sirajganj," 31 Beded Hospital , Bagbati",Tested by Xpert MTB/RIF,0,174,174,0,0,2,0,0,0,0,0,0,0,0,0,0,0,0,0,0,0,0,0,0,0,,0,2,0,0,0,0,174,2,176,8,0,2,166,2,0,0,0,10,0,2,166,4,0,2,0,0,0,6,0,1,1,2,1,1,2,192,184,12,,,,,Rajshahi_Division,Sirajganj," 31 Beded Hospital, Bagbati",October,2022,900,900,100,8,8,20,40,68,,0,0,339,176,152,2,16,,2,20,0,0,0,3,4,0,0,0,0,0,1,0,0,0,0,6,0,2,0,0,0,0,1,0,0,0,1,4,,,,,,,,,,,,,,,,,,,,,,,,,
2022,October,BRAC,Rajshahi_Division,Pabna, PL Aowtapara UP,MTB detected,0,5,5,0,0,0,0,0,1,0,0,0,0,0,0,0,0,0,0,0,0,0,0,0,0,,0,1,0,0,0,0,,,,,,,,,,,,,,,,,,,,,,,,,,,,,,,,,,,,,,,,,,,,,,,,,,,,,,,,,,,,,,,,,,,,,,,,,,,,,,,,,,,,,,,,,,,,,,,,,,,,,,,,,,,,,,,,,
2022,October,BRAC,Rajshahi_Division,Pabna, PL Aowtapara UP,RR TB detected,0,0,0,0,0,0,0,0,0,0,0,0,0,0,0,0,0,0,0,0,0,0,0,0,0,,0,0,0,0,0,0,,,,,,,,,,,,,,,,,,,,,,,,,,,,,,,,,,,,,,,,,,,,,,,,,,,,,,,,,,,,,,,,,,,,,,,,,,,,,,,,,,,,,,,,,,,,,,,,,,,,,,,,,,,,,,,,,
2022,October,BRAC,Rajshahi_Division,Bogra, Bamunia Peripharal Lab,Tested by Xpert MTB/RIF,0,157,157,0,0,1,0,0,0,0,0,0,0,0,0,0,0,0,0,0,0,0,0,0,0,,0,1,0,0,0,0,157,1,158,11,0,2,146,1,0,0,0,12,0,2,146,5,0,0,0,0,0,5,0,1,1,2,1,1,2,162,168,17,,,,, Rajshahi_Division,Bogura, Bamunia Peripharal Lab,October,2022,900,900,100,8,8,20,40,63,,0,0,270,158,91,5,4,,5,20,0,0,0,0,1,0,0,3,0,0,0,0,0,0,0,0,0,0,0,0,0,0,0,0,0,0,0,5,,,,,,,,,,,,,,,,,,,,,,,,,
2022,October,BRAC,Rajshahi_Division,Bogra, Chonka Peripharal Lab,MTB detected,0,15,15,0,0,0,0,0,0,0,0,0,0,0,0,0,0,0,0,0,0,0,0,0,0,,0,0,0,0,0,0,,,,,,,,,,,,,,,,,,,,,,,,,,,,,,,,,,,,,,,,,,,,,,,,,,,,,,,,,,,,,,,,,,,,,,,,,,,,,,,,,,,,,,,,,,,,,,,,,,,,,,,,,,,,,,,,,
2022,October,BRAC,Rajshahi_Division,Bogra, Chonka Peripharal Lab,RR TB detected,0,0,0,0,0,0,0,0,0,0,0,0,0,0,0,0,0,0,0,0,0,0,0,0,0,,0,0,0,0,0,0,,,,,,,,,,,,,,,,,,,,,,,,,,,,,,,,,,,,,,,,,,,,,,,,,,,,,,,,,,,,,,,,,,,,,,,,,,,,,,,,,,,,,,,,,,,,,,,,,,,,,,,,,,,,,,,,,
2022,October,BRAC,Rajshahi_Division,Bogra, Chonka Peripharal Lab,Tested by Xpert MTB/RIF,0,165,165,0,0,0,0,0,0,0,0,0,0,0,0,0,0,0,0,0,0,0,0,0,0,,0,0,0,0,0,0,165,0,165,15,0,0,150,0,0,0,0,15,0,0,150,4,0,0,0,0,0,4,0,1,1,2,1,1,2,178,169,15,,,,,Rajshahi_Division,Bogura, Chonka Peripharal Lab,October,2022,900,900,100,8,8,20,40,65,,4,0,182,165,30,0,13,,0,20,0,0,0,0,9,0,0,0,0,0,0,0,0,0,0,4,0,0,0,0,0,0,0,0,0,0,0,4,,,,,,,,,,,,,,,,,,,,,,,,,
2022,October,BRAC,Rajshahi_Division,Bogra, Gossainbari FWC,MTB detected,0,14,14,1,0,4,0,0,0,0,0,0,0,0,0,0,0,0,0,0,0,0,0,0,0,,0,5,0,0,0,0,,,,,,,,,,,,,,,,,,,,,,,,,,,,,,,,,,,,,,,,,,,,,,,,,,,,,,,,,,,,,,,,,,,,,,,,,,,,,,,,,,,,,,,,,,,,,,,,,,,,,,,,,,,,,,,,,
2022,October,BRAC,Rajshahi_Division,Bogra, Gossainbari FWC,RR TB detected,0,2,2,0,0,0,0,0,0,0,0,0,0,0,0,0,0,0,0,0,0,0,0,0,0,,0,0,0,0,0,0,,,,,,,,,,,,,,,,,,,,,,,,,,,,,,,,,,,,,,,,,,,,,,,,,,,,,,,,,,,,,,,,,,,,,,,,,,,,,,,,,,,,,,,,,,,,,,,,,,,,,,,,,,,,,,,,,
2022,October,BRAC,Rajshahi_Division,Bogra, Bamunia Peripharal Lab,MTB detected,0,11,11,0,0,1,0,0,0,0,0,0,0,0,0,0,0,0,0,0,0,0,0,0,0,,0,1,0,0,0,0,,,,,,,,,,,,,,,,,,,,,,,,,,,,,,,,,,,,,,,,,,,,,,,,,,,,,,,,,,,,,,,,,,,,,,,,,,,,,,,,,,,,,,,,,,,,,,,,,,,,,,,,,,,,,,,,,
2022,October,BRAC,Rajshahi_Division,Bogra, Bamunia Peripharal Lab,RR TB detected,0,0,0,0,0,0,0,0,0,0,0,0,0,0,0,0,0,0,0,0,0,0,0,0,0,,0,0,0,0,0,0,,,,,,,,,,,,,,,,,,,,,,,,,,,,,,,,,,,,,,,,,,,,,,,,,,,,,,,,,,,,,,,,,,,,,,,,,,,,,,,,,,,,,,,,,,,,,,,,,,,,,,,,,,,,,,,,,
2022,October,BRAC,Rajshahi_Division,Bogra, Ganganagar Peripharal Lab ,Tested by Xpert MTB/RIF,0,156,156,0,0,1,0,0,0,0,0,0,0,0,0,0,0,0,0,0,0,0,0,0,0,,0,1,0,0,0,0,156,1,157,7,0,0,149,0,0,0,1,7,0,0,150,5,0,3,0,0,0,8,0,1,1,2,1,1,2,156,164,8,,,,,Rajshahi_Division,Bogura, Ganganagar Peripharal Lab,October,2022,900,900,100,8,8,20,40,69,,0,0,169,157,12,1,0,,1,20,0,0,0,4,3,0,0,0,0,0,0,0,0,0,0,0,0,0,0,0,0,0,0,0,1,2,0,5,,,,,,,,,,,,,,,,,,,,,,,,,
2022,October,BRAC,Rajshahi_Division,Bogra, Ganganagar Peripharal Lab ,MTB detected,0,7,7,0,0,0,0,0,0,0,0,0,0,0,0,0,0,0,0,0,0,0,0,0,0,,0,0,0,0,0,0,,,,,,,,,,,,,,,,,,,,,,,,,,,,,,,,,,,,,,,,,,,,,,,,,,,,,,,,,,,,,,,,,,,,,,,,,,,,,,,,,,,,,,,,,,,,,,,,,,,,,,,,,,,,,,,,,
2022,October,BRAC,Rajshahi_Division,Bogra, Ganganagar Peripharal Lab ,RR TB detected,0,0,0,0,0,0,0,0,0,0,0,0,0,0,0,0,0,0,0,0,0,0,0,0,0,,0,0,0,0,0,0,,,,,,,,,,,,,,,,,,,,,,,,,,,,,,,,,,,,,,,,,,,,,,,,,,,,,,,,,,,,,,,,,,,,,,,,,,,,,,,,,,,,,,,,,,,,,,,,,,,,,,,,,,,,,,,,,
2022,October,BRAC,Rajshahi_Division,Bogra, Gossainbari FWC,Tested by Xpert MTB/RIF,0,181,181,1,0,4,0,0,0,0,0,0,0,0,0,0,0,0,0,0,0,0,0,0,0,,0,5,0,0,0,0,181,5,186,12,2,1,167,5,0,0,0,17,2,1,167,7,0,2,0,0,0,9,0,1,1,2,1,1,2,210,194,29,,,,,Rajshahi_Division,Bogura, Gossainbari FWC,October,2022,900,900,100,8,8,20,40,70,,0,0,181,186,0,0,16,,10,20,0,0,0,0,13,0,0,0,0,0,0,0,0,0,0,3,0,0,0,0,0,0,2,0,0,0,0,7,,,,,,,,,,,0,0,0,5,0,,,,,,,,,,
2022,October,BRAC,Rajshahi_Division,Pabna, PL Handial FWC,MTB detected,0,5,5,0,0,0,0,0,0,0,0,0,0,0,0,0,0,0,0,0,0,0,0,0,0,,0,0,0,0,0,0,,,,,,,,,,,,,,,,,,,,,,,,,,,,,,,,,,,,,,,,,,,,,,,,,,,,,,,,,,,,,,,,,,,,,,,,,,,,,,,,,,,,,,,,,,,,,,,,,,,0,0,0,0,0,,,,,,,,,,
2022,October,BRAC,Rajshahi_Division,Pabna, PL Handial FWC,RR TB detected,0,0,0,0,0,0,0,0,0,0,0,0,0,0,0,0,0,0,0,0,0,0,0,0,0,,0,0,0,0,0,0,,,,,,,,,,,,,,,,,,,,,,,,,,,,,,,,,,,,,,,,,,,,,,,,,,,,,,,,,,,,,,,,,,,,,,,,,,,,,,,,,,,,,,,,,,,,,,,,,,,0,0,0,0,2,,,,,,,,,,
2022,October,BRAC,Rajshahi_Division,Natore, Kaligong Sub-Health Cente,Tested by Xpert MTB/RIF,0,157,157,0,0,1,0,0,0,0,0,0,0,0,0,0,0,0,0,0,0,0,0,0,0,,0,1,0,0,0,0,157,1,158,6,0,0,151,1,0,0,0,7,0,0,151,10,0,4,0,0,1,15,0,1,1,2,1,1,2,166,172,11,,,,,Rajshahi_Division,Natore, Kaligong Sub-Health Center,October,2022,900,900,100,8,8,20,40,69,,0,0,157,158,0,0,8,,4,20,0,0,0,0,4,0,0,0,0,0,0,0,0,0,0,1,0,3,0,0,0,0,3,0,0,0,2,10,,,,,,,,,,,0,0,0,0,2,,,,,,,,,,
2022,October,BRAC,Rajshahi_Division,Pabna, Pl Natiabari RD,MTB detected,0,10,10,0,0,0,0,0,0,0,0,0,0,0,0,0,0,0,0,0,0,0,0,0,0,,0,0,0,0,0,0,,,,,,,,,,,,,,,,,,,,,,,,,,,,,,,,,,,,,,,,,,,,,,,,,,,,,,,,,,,,,,,,,,,,,,,,,,,,,,,,,,,,,,,,,,,,,,,,,,,2,0,0,0,0,,,,,,,,,,
2022,October,BRAC,Rajshahi_Division,Pabna, Pl Natiabari RD,RR TB detected,0,0,0,0,0,0,0,0,0,0,0,0,0,0,0,0,0,0,0,0,0,0,0,0,0,,0,0,0,0,0,0,,,,,,,,,,,,,,,,,,,,,,,,,,,,,,,,,,,,,,,,,,,,,,,,,,,,,,,,,,,,,,,,,,,,,,,,,,,,,,,,,,,,,,,,,,,,,,,,,,,0,0,0,0,2,,,,,,,,,,
2022,October,BRAC,Rajshahi_Division,Sirajganj, Khukni Pheferipal Lab,Tested by Xpert MTB/RIF,0,240,240,0,0,2,0,16,7,0,0,0,0,0,0,0,0,0,0,0,0,0,0,0,0,,0,25,0,0,0,0,240,25,265,16,0,0,224,2,0,0,23,18,0,0,247,12,0,1,0,0,0,13,0,1,1,2,1,1,2,279,278,22,,,,,Rajshahi_Division,Sirajganj, Khukni Pheferipal Lab,October,2022,900,900,100,8,8,20,40,65,,0,0,366,265,101,4,10,,4,20,0,0,0,0,5,0,0,1,0,0,0,0,0,0,0,4,0,0,0,0,0,0,1,0,0,0,0,12,,,,,,,,,,,0,0,0,7,1,,,,,,,,,,
2022,October,BRAC,Rajshahi_Division,Natore, Nashratpur FWC PL,MTB detected,0,15,15,0,0,0,0,0,0,0,0,0,0,0,0,0,0,0,0,0,0,0,0,0,0,,0,0,0,0,0,0,,,,,,,,,,,,,,,,,,,,,,,,,,,,,,,,,,,,,,,,,,,,,,,,,,,,,,,,,,,,,,,,,,,,,,,,,,,,,,,,,,,,,,,,,,,,,,,,,,,0,0,0,0,0,,,,,,,,,,
2022,October,BRAC,Rajshahi_Division,Natore, Nashratpur FWC PL,RR TB detected,0,0,0,0,0,0,0,0,0,0,0,0,0,0,0,0,0,0,0,0,0,0,0,0,0,,0,0,0,0,0,0,,,,,,,,,,,,,,,,,,,,,,,,,,,,,,,,,,,,,,,,,,,,,,,,,,,,,,,,,,,,,,,,,,,,,,,,,,,,,,,,,,,,,,,,,,,,,,,,,,,0,0,0,0,1,,,,,,,,,,
2022,October,BRAC,Rajshahi_Division,Natore, Nashratpur FWC PL,Tested by Xpert MTB/RIF,3,209,212,0,0,0,0,5,0,0,0,0,0,0,0,0,0,0,0,0,0,0,0,0,0,,0,5,0,0,0,0,212,5,217,15,0,0,197,0,0,0,5,15,0,0,202,5,0,2,0,0,0,7,0,1,1,2,1,1,2,223,224,19,,,,,Rajshahi_Division,Natore, Nashratpur FWC PL,October,2022,900,900,100,8,8,20,40,70,,0,0,212,217,12,0,5,,4,20,0,0,0,0,2,0,0,0,0,0,0,0,0,0,0,1,0,2,0,0,0,0,1,0,0,0,1,5,,,,,,,,,,,0,0,0,2,2,,,,,,,,,,
2022,October,BRAC,Rajshahi_Division,Natore, Kaligong Sub-Health Cente,MTB detected,0,6,6,0,0,1,0,0,0,0,0,0,0,0,0,0,0,0,0,0,0,0,0,0,0,,0,1,0,0,0,0,,,,,,,,,,,,,,,,,,,,,,,,,,,,,,,,,,,,,,,,,,,,,,,,,,,,,,,,,,,,,,,,,,,,,,,,,,,,,,,,,,,,,,,,,,,,,,,,,,,0,0,0,0,11,,,,,,,,,,
2022,October,BRAC,Rajshahi_Division,Natore, Kaligong Sub-Health Cente,RR TB detected,0,0,0,0,0,0,0,0,0,0,0,0,0,0,0,0,0,0,0,0,0,0,0,0,0,,0,0,0,0,0,0,,,,,,,,,,,,,,,,,,,,,,,,,,,,,,,,,,,,,,,,,,,,,,,,,,,,,,,,,,,,,,,,,,,,,,,,,,,,,,,,,,,,,,,,,,,,,,,,,,,1,0,0,0,2,,,,,,,,,,
2022,October,BRAC,Rajshahi_Division,Pabna, PL Aowtapara UP,Tested by Xpert MTB/RIF,0,152,152,0,0,0,0,0,1,0,0,0,0,0,0,0,0,0,0,0,0,0,0,0,0,,0,1,0,0,0,0,152,1,153,5,0,0,147,1,0,0,0,6,0,0,147,12,0,2,0,0,0,14,0,1,1,2,1,1,2,155,167,9,,,,,Rajshahi_Division,Pabna, PL Aowtapara UP,October,2022,900,900,100,8,8,20,42,70,,0,0,152,153,0,0,2,,3,20,0,0,0,2,0,0,0,0,0,0,0,0,0,0,0,0,0,0,0,0,0,0,1,1,0,0,0,12,,,,,,,,,,,0,0,0,0,2,,,,,,,,,,
2022,October,BRAC,Rajshahi_Division,Sirajganj," 31 Beded Hospital , Bagbati",MTB detected,0,8,8,0,0,2,0,0,0,0,0,0,0,0,0,0,0,0,0,0,0,0,0,0,0,,0,2,0,0,0,0,,,,,,,,,,,,,,,,,,,,,,,,,,,,,,,,,,,,,,,,,,,,,,,,,,,,,,,,,,,,,,,,,,,,,,,,,,,,,,,,,,,,,,,,,,,,,,,,,,,0,0,0,2,0,,,,,,,,,,
2022,October,BRAC,Rajshahi_Division,Sirajganj," 31 Beded Hospital , Bagbati",RR TB detected,0,0,0,0,0,0,0,0,0,0,0,0,0,0,0,0,0,0,0,0,0,0,0,0,0,,0,0,0,0,0,0,,,,,,,,,,,,,,,,,,,,,,,,,,,,,,,,,,,,,,,,,,,,,,,,,,,,,,,,,,,,,,,,,,,,,,,,,,,,,,,,,,,,,,,,,,,,,,,,,,,0,0,0,0,0,,,,,,,,,,
2022,October,BRAC,Rajshahi_Division,Pabna, PL Handial FWC,Tested by Xpert MTB/RIF,0,120,120,0,0,0,0,0,0,0,0,0,0,0,0,0,0,0,0,0,0,0,0,0,0,,0,0,0,0,0,0,120,0,120,5,0,0,115,0,0,0,0,5,0,0,115,4,0,2,0,0,0,6,0,1,1,2,1,1,2,127,126,6,,,,,Rajshahi_Division,Pabna, PL Handial FWC,October,2022,900,900,100,8,8,20,40,48,,0,0,155,120,0,0,7,,1,20,0,0,0,1,1,0,0,0,0,0,0,0,0,0,0,5,0,0,0,0,0,0,1,0,1,0,0,4,,,,,,,,,,,0,0,0,0,0,,,,,,,,,,
2022,October,BRAC,Rajshahi_Division,Sirajganj, Khukni Pheferipal Lab,MTB detected,0,16,16,0,0,2,0,0,0,0,0,0,0,0,0,0,0,0,0,0,0,0,0,0,0,,0,2,0,0,0,0,,,,,,,,,,,,,,,,,,,,,,,,,,,,,,,,,,,,,,,,,,,,,,,,,,,,,,,,,,,,,,,,,,,,,,,,,,,,,,,,,,,,,,,,,,,,,,,,,,,0,0,0,0,5,,,,,,,,,,
2022,October,BRAC,Rajshahi_Division,Sirajganj, Khukni Pheferipal Lab,RR TB detected,0,0,0,0,0,0,0,0,0,0,0,0,0,0,0,0,0,0,0,0,0,0,0,0,0,,0,0,0,0,0,0,,,,,,,,,,,,,,,,,,,,,,,,,,,,,,,,,,,,,,,,,,,,,,,,,,,,,,,,,,,,,,,,,,,,,,,,,,,,,,,,,,,,,,,,,,,,,,,,,,,0,0,0,0,5,,,,,,,,,,
2022,October,BRAC,Rajshahi_Division,Pabna, Pl Natiabari RD,Tested by Xpert MTB/RIF,0,167,167,0,0,0,0,3,0,0,0,0,0,0,0,0,0,0,0,0,0,0,0,0,0,,0,3,0,0,0,0,167,3,170,10,0,0,157,0,0,0,3,10,0,0,160,8,0,0,0,0,0,8,0,1,1,2,1,1,2,174,178,10,,,,,Rajshahi_Division,Pabna, Pl Natiabari RD,October,2022,900,900,100,8,8,20,42,70,,0,0,167,170,27,1,4,,0,20,0,0,0,0,0,0,0,0,0,0,0,0,0,0,0,2,2,0,0,0,0,0,0,0,0,0,0,8,,,,,,,,,,,0,0,0,3,1,,,,,,,,,,
2022,October,BRAC,Rajshahi_Division,Bogra, Zorgacha FWC,MTB detected,0,4,4,0,1,0,0,0,0,0,0,0,0,0,0,0,0,0,0,0,0,0,0,0,0,,0,1,0,0,0,0,,,,,,,,,,,,,,,,,,,,,,,,,,,,,,,,,,,,,,,,,,,,,,,,,,,,,,,,,,,,,,,,,,,,,,,,,,,,,,,,,,,,,,,,,,,,,,,,,,,0,0,0,3,1,,,,,,,,,,
2022,October,BRAC,Rajshahi_Division,Bogra, Zorgacha FWC,RR TB detected,0,0,0,0,0,0,0,0,0,0,0,0,0,0,0,0,0,0,0,0,0,0,0,0,0,,0,0,0,0,0,0,,,,,,,,,,,,,,,,,,,,,,,,,,,,,,,,,,,,,,,,,,,,,,,,,,,,,,,,,,,,,,,,,,,,,,,,,,,,,,,,,,,,,,,,,,,,,,,,,,,2,0,0,1,4,,,,,,,,,,
2022,October,BRAC,Rajshahi_Division,Bogra, Zorgacha FWC,Tested by Xpert MTB/RIF,0,171,171,0,1,0,0,0,0,0,0,0,0,0,0,0,0,0,0,0,0,0,0,0,0,,0,1,0,0,0,0,171,1,172,4,0,3,167,1,0,0,0,5,0,3,167,2,0,2,1,0,0,5,0,1,1,2,1,1,2,183,179,9,,,,,Rajshahi_Division,Bogura, Zorgacha FWC,October,2022,900,900,100,8,8,19,40,70,,0,0,174,175,0,0,8,,4,20,0,0,4,1,3,0,0,0,0,0,0,0,0,0,0,0,0,0,0,0,0,0,1,0,0,0,1,3,,,,,,,,,,,0,0,0,9,7,,,,,,,,,,
2022,November,Damien Foundation,Rajshahi_Division,Rajshahi, Hatkhujipur-FWC,Tested by Xpert MTB/RIF,0,171,171,0,0,0,0,0,0,0,0,0,0,0,0,0,0,0,0,0,0,0,0,0,0,,0,0,0,0,0,0,171,0,171,5,0,1,166,0,0,0,0,5,0,1,166,8,0,0,0,0,0,8,0,1,1,2,1,1,2,171,179,6,,,,,Rajshahi_Division,Rajshahi, Hatkhujipur-FWC,November,2022,0,0,0,7,7,21,43,66,0,0,0,171,171,0,0,0,20,1,21,0,0,0,0,0,0,0,0,0,0,0,0,0,0,0,0,0,0,0,0,0,0,0,0,0,0,0,8,0,0,0,0,0,0,0,0,0,0,0,0,0,0,1,,,,,,,,,,
2022,November,Damien Foundation,Rajshahi_Division,Rajshahi, Hatkhujipur-FWC,MTB detected,0,5,5,0,0,0,0,0,0,0,0,0,0,0,0,0,0,0,0,0,0,0,0,0,0,,0,0,0,0,0,0,,,,,,,,,,,,,,,,,,,,,,,,,,,,,,,,,,,,,,,,,,,,,,,,,,,,,,,,,,,,,,,,,,,,,,,,,,,,,,,,,,,,,,,,,,,,,,,,,,,0,0,0,0,12,,,,,,,,,,
2022,November,Damien Foundation,Rajshahi_Division,Rajshahi, Hatkhujipur-FWC,RR TB detected,0,0,0,0,0,0,0,0,0,0,0,0,0,0,0,0,0,0,0,0,0,0,0,0,0,,0,0,0,0,0,0,,,,,,,,,,,,,,,,,,,,,,,,,,,,,,,,,,,,,,,,,,,,,,,,,,,,,,,,,,,,,,,,,,,,,,,,,,,,,,,,,,,,,,,,,,,,,,,,,,,3,0,0,5,6,,,,,,,,,,
2022,November,Damien Foundation,Rajshahi_Division,Rajshahi, Naowhata H & FWC,Tested by Xpert MTB/RIF,0,130,130,0,0,0,0,6,0,0,0,0,0,0,0,0,0,0,0,0,0,0,0,0,0,,0,6,0,58,0,58,188,6,194,3,0,0,185,2,0,0,4,5,0,0,189,4,0,0,0,0,0,4,0,1,1,2,1,1,2,198,198,5,,,,,Rajshahi_Division,Rajshahi, Naowhata H & FWC,November,2022,0,0,0,7,7.5,21,44,65,3,0,0,267,188,79,4,4,79,0,22,0,0,0,2,0,0,0,0,0,0,0,0,0,0,0,0,2,0,0,0,0,0,0,0,0,0,0,4,0,0,0,0,0,0,0,0,0,0,0,0,0,0,0,,,,,,,,,,
2022,November,Damien Foundation,Rajshahi_Division,Rajshahi, Naowhata H & FWC,MTB detected,0,2,2,0,0,0,0,2,0,0,0,0,0,0,0,0,0,0,0,0,0,0,0,0,0,,0,2,0,1,0,1,,,,,,,,,,,,,,,,,,,,,,,,,,,,,,,,,,,,,,,,,,,,,,,,,,,,,,,,,,,,,,,,,,,,,,,,,,,,,,,,,,,,,,,,,,,,,,,,,,,0,0,0,2,10,,,,,,,,,,
2022,November,Damien Foundation,Rajshahi_Division,Rajshahi, Naowhata H & FWC,RR TB detected,0,0,0,0,0,0,0,0,0,0,0,0,0,0,0,0,0,0,0,0,0,0,0,0,0,,0,0,0,0,0,0,,,,,,,,,,,,,,,,,,,,,,,,,,,,,,,,,,,,,,,,,,,,,,,,,,,,,,,,,,,,,,,,,,,,,,,,,,,,,,,,,,,,,,,,,,,,,,,,,,,0,1,0,0,4,,,,,,,,,,
2022,November,Damien Foundation,Rajshahi_Division,Naogaon, Nindoin Community Clinic ,Tested by Xpert MTB/RIF,0,213,213,0,0,0,0,6,0,0,0,0,0,0,0,0,0,0,0,0,0,0,0,0,0,,0,6,0,0,0,0,213,6,219,3,0,2,210,0,0,0,6,3,0,2,216,8,0,0,0,0,0,8,0,1,1,2,1,1,2,227,227,5,,,,,Rajshahi_Division,Nogaon, Nindoin Community Clinic,November,2022,0,0,0,7.5,7,21,45,65,0,0,0,213,213,0,0,0,12,2,23,0,0,0,0,0,0,0,0,0,0,0,0,0,0,0,0,0,0,0,0,0,0,0,0,0,0,0,8,0,0,0,0,0,0,0,0,0,0,1,0,0,5,1,,,,,,,,,,
2022,November,Damien Foundation,Rajshahi_Division,Naogaon, Nindoin Community Clinic ,MTB detected,0,3,3,0,0,0,0,0,0,0,0,0,0,0,0,0,0,0,0,0,0,0,0,0,0,,0,0,0,0,0,0,,,,,,,,,,,,,,,,,,,,,,,,,,,,,,,,,,,,,,,,,,,,,,,,,,,,,,,,,,,,,,,,,,,,,,,,,,,,,,,,,,,,,,,,,,,,,,,,,,,0,0,0,0,5,,,,,,,,,,
2022,November,Damien Foundation,Rajshahi_Division,Naogaon, Nindoin Community Clinic ,RR TB detected,0,0,0,0,0,0,0,0,0,0,0,0,0,0,0,0,0,0,0,0,0,0,0,0,0,,0,0,0,0,0,0,,,,,,,,,,,,,,,,,,,,,,,,,,,,,,,,,,,,,,,,,,,,,,,,,,,,,,,,,,,,,,,,,,,,,,,,,,,,,,,,,,,,,,,,,,,,,,,,,,,0,0,0,6,3,,,,,,,,,,
2022,November,Damien Foundation,Rajshahi_Division,Nawabganj, Shibganj 2nd Lab,Tested by Xpert MTB/RIF,0,122,122,0,0,0,0,0,0,0,0,0,0,0,0,0,0,0,0,0,0,0,0,0,0,,0,0,0,0,0,0,122,0,122,1,0,0,121,0,0,0,0,1,0,0,121,5,0,7,0,0,0,12,0,1,1,2,1,1,2,134,134,1,,,,,Rajshahi_Division,C.Nawabganj, Shibganj 2nd Lab,November,2022,0,0,0,7.5,7,21,45,65,0,0,1,215,122,93,0,12,93,0,21,0,0,1,0,8,0,0,0,0,0,0,0,0,0,0,3,0,0,0,0,0,0,2,0,0,0,5,5,0,0,0,0,0,0,0,0,0,0,0,0,0,2,3,,,,,,,,,,
2022,November,Damien Foundation,Rajshahi_Division,Nawabganj, Shibganj 2nd Lab,MTB detected,0,1,1,0,0,0,0,0,0,0,0,0,0,0,0,0,0,0,0,0,0,0,0,0,0,,0,0,0,0,0,0,,,,,,,,,,,,,,,,,,,,,,,,,,,,,,,,,,,,,,,,,,,,,,,,,,,,,,,,,,,,,,,,,,,,,,,,,,,,,,,,,,,,,,,,,,,,,,,,,,,0,0,0,0,8,,,,,,,,,,
2022,November,Damien Foundation,Rajshahi_Division,Nawabganj, Shibganj 2nd Lab,RR TB detected,0,0,0,0,0,0,0,0,0,0,0,0,0,0,0,0,0,0,0,0,0,0,0,0,0,,0,0,0,0,0,0,,,,,,,,,,,,,,,,,,,,,,,,,,,,,,,,,,,,,,,,,,,,,,,,,,,,,,,,,,,,,,,,,,,,,,,,,,,,,,,,,,,,,,,,,,,,,,,,,,,0,0,0,0,12,,,,,,,,,,
2022,November,BRAC,Rajshahi_Division,Bogra, Bamunia Peripharal Lab,Tested by Xpert MTB/RIF,0,221,221,0,0,0,0,0,0,0,0,0,0,0,0,0,0,0,0,0,0,0,0,0,0,,0,0,0,0,0,0,221,0,221,14,0,3,207,0,0,0,0,14,0,3,207,7,0,11,0,0,0,18,0,1,1,2,1,1,2,248,242,23,,,,,Rajshahi_Division,Bogura, Bamunia Peripharal Lab,November,2022,900,900,100,8,8,20,40,68,0,0,0,221,221,0,0,0,0,6,21,0,0,0,0,0,0,0,0,0,0,0,0,0,0,0,0,0,0,0,0,0,0,0,6,0,0,5,7,0,0,0,0,0,0,0,0,0,0,0,0,0,0,19,,,,,,,,,,
2022,November,BRAC,Rajshahi_Division,Bogra, Bamunia Peripharal Lab,MTB detected,0,14,14,0,0,0,0,0,0,0,0,0,0,0,0,0,0,0,0,0,0,0,0,0,0,,0,0,0,0,0,0,,,,,,,,,,,,,,,,,,,,,,,,,,,,,,,,,,,,,,,,,,,,,,,,,,,,,,,,,,,,,,,,,,,,,,,,,,,,,,,,,,,,,,,,,,,,,,,,,,,0,0,0,0,5,,,,,,,,,,
2022,November,BRAC,Rajshahi_Division,Bogra, Bamunia Peripharal Lab,RR TB detected,0,0,0,0,0,0,0,0,0,0,0,0,0,0,0,0,0,0,0,0,0,0,0,0,0,,0,0,0,0,0,0,,,,,,,,,,,,,,,,,,,,,,,,,,,,,,,,,,,,,,,,,,,,,,,,,,,,,,,,,,,,,,,,,,,,,,,,,,,,,,,,,,,,,,,,,,,,,,,,,,,0,0,0,0,0,,,,,,,,,,
2022,November,BRAC,Rajshahi_Division,Pabna, PL Aowtapara UP,Tested by Xpert MTB/RIF,0,193,193,0,0,1,0,0,5,0,0,0,0,0,0,0,0,0,0,0,0,0,0,0,0,,0,6,0,0,0,0,193,6,199,9,0,0,184,1,0,0,5,10,0,0,189,23,0,2,0,0,0,25,0,1,1,2,1,1,2,202,224,11,,,,,Rajshahi_Division,Pabna, PL Aowtapara UP,November,2022,900,900,100,8,8,20,41,70,0,7,0,228,198,35,0,3,0,1,21,0,0,0,0,2,0,0,0,0,0,0,0,0,0,0,1,0,0,0,0,0,0,1,1,0,0,0,23,0,0,0,0,0,0,0,0,0,0,1,0,0,1,0,,,,,,,,,,
2022,November,BRAC,Rajshahi_Division,Pabna, PL Aowtapara UP,MTB detected,0,9,9,0,0,1,0,0,0,0,0,0,0,0,0,0,0,0,0,0,0,0,0,0,0,,0,1,0,0,0,0,,,,,,,,,,,,,,,,,,,,,,,,,,,,,,,,,,,,,,,,,,,,,,,,,,,,,,,,,,,,,,,,,,,,,,,,,,,,,,,,,,,,,,,,,,,,,,,,,,,0,0,0,0,0,,,,,,,,,,
2022,November,BRAC,Rajshahi_Division,Pabna, PL Aowtapara UP,RR TB detected,0,0,0,0,0,0,0,0,0,0,0,0,0,0,0,0,0,0,0,0,0,0,0,0,0,,0,0,0,0,0,0,,,,,,,,,,,,,,,,,,,,,,,,,,,,,,,,,,,,,,,,,,,,,,,,,,,,,,,,,,,,,,,,,,,,,,,,,,,,,,,,,,,,,,,,,,,,,,,,,,,0,0,0,2,0,,,,,,,,,,
2022,November,BRAC,Rajshahi_Division,Sirajganj," 31 Beded Hospital , Bagbati",Tested by Xpert MTB/RIF,0,211,211,0,0,2,3,4,0,0,0,0,0,0,0,0,0,0,0,0,0,0,0,0,0,,0,9,0,0,0,0,211,9,220,6,0,5,205,5,0,0,4,11,0,5,209,5,0,3,0,0,0,8,0,1,1,2,1,1,2,233,228,16,,,,,Rajshahi_Division,Sirajganj," 31 Beded Hospital, Bagbati",November,2022,900,900,100,8,8,20,40,68,3,4,0,340,220,0,0,13,0,5,21,0,0,0,0,5,0,0,0,0,0,2,0,0,0,0,6,0,0,0,0,0,0,0,0,2,0,1,5,0,0,0,0,0,0,0,0,0,0,,,,,,,,,,,,,,,
2022,November,BRAC,Rajshahi_Division,Sirajganj," 31 Beded Hospital , Bagbati",MTB detected,0,6,6,0,0,2,3,0,0,0,0,0,0,0,0,0,0,0,0,0,0,0,0,0,0,,0,5,0,0,0,0,,,,,,,,,,,,,,,,,,,,,,,,,,,,,,,,,,,,,,,,,,,,,,,,,,,,,,,,,,,,,,,,,,,,,,,,,,,,,,,,,,,,,,,,,,,,,,,,,,,,,,,,,,,,,,,,,
2022,November,BRAC,Rajshahi_Division,Sirajganj," 31 Beded Hospital , Bagbati",RR TB detected,0,0,0,0,0,0,0,0,0,0,0,0,0,0,0,0,0,0,0,0,0,0,0,0,0,,0,0,0,0,0,0,,,,,,,,,,,,,,,,,,,,,,,,,,,,,,,,,,,,,,,,,,,,,,,,,,,,,,,,,,,,,,,,,,,,,,,,,,,,,,,,,,,,,,,,,,,,,,,,,,,,,,,,,,,,,,,,,
2022,November,BRAC,Rajshahi_Division,Bogra, Chonka Peripharal Lab,Tested by Xpert MTB/RIF,0,236,236,0,0,2,1,2,0,0,0,0,0,0,0,0,0,0,0,0,0,0,0,0,0,,0,5,0,0,0,0,236,5,241,14,0,2,222,3,0,0,2,17,0,2,224,8,0,2,0,0,0,10,0,1,1,2,1,1,2,251,251,19,,,,,Rajshahi_Division,Bogura, Chonka Peripharal Lab,November,2022,900,900,100,8,8,20,40,65,12,12,2,310,234,68,2,12,0,2,21,0,0,0,0,0,0,0,0,0,0,0,0,0,0,0,5,0,7,0,0,0,0,1,1,0,0,0,8,0,0,0,0,0,0,0,0,0,0,,,,,,,,,,,,,,,
2022,November,BRAC,Rajshahi_Division,Bogra, Chonka Peripharal Lab,MTB detected,0,14,14,0,0,2,1,0,0,0,0,0,0,0,0,0,0,0,0,0,0,0,0,0,0,,0,3,0,0,0,0,,,,,,,,,,,,,,,,,,,,,,,,,,,,,,,,,,,,,,,,,,,,,,,,,,,,,,,,,,,,,,,,,,,,,,,,,,,,,,,,,,,,,,,,,,,,,,,,,,,,,,,,,,,,,,,,,
2022,November,BRAC,Rajshahi_Division,Bogra, Chonka Peripharal Lab,RR TB detected,0,0,0,0,0,0,0,0,0,0,0,0,0,0,0,0,0,0,0,0,0,0,0,0,0,,0,0,0,0,0,0,,,,,,,,,,,,,,,,,,,,,,,,,,,,,,,,,,,,,,,,,,,,,,,,,,,,,,,,,,,,,,,,,,,,,,,,,,,,,,,,,,,,,,,,,,,,,,,,,,,,,,,,,,,,,,,,,
2022,November,BRAC,Rajshahi_Division,Bogra, Ganganagar Peripharal Lab ,Tested by Xpert MTB/RIF,0,188,188,0,0,0,0,1,0,0,0,0,0,0,0,0,0,0,0,0,0,0,0,0,0,,0,1,0,0,0,0,188,1,189,10,0,0,178,0,0,1,1,10,0,1,179,8,0,4,0,0,0,12,0,1,1,2,1,1,2,198,201,11,,,,,Rajshahi_Division,Bogura, Ganganagar Peripharal Lab,November,2022,900,900,100,8,8,20,40,69,0,0,0,208,189,19,0,9,0,1,21,0,0,0,4,5,0,0,0,0,0,0,0,0,0,0,0,0,0,0,0,0,0,0,0,0,4,0,8,0,0,0,0,0,0,0,0,0,0,,,,,,,,,,,,,,,
2022,November,BRAC,Rajshahi_Division,Bogra, Ganganagar Peripharal Lab ,MTB detected,0,10,10,0,0,0,0,0,0,0,0,0,0,0,0,0,0,0,0,0,0,0,0,0,0,,0,0,0,0,0,0,,,,,,,,,,,,,,,,,,,,,,,,,,,,,,,,,,,,,,,,,,,,,,,,,,,,,,,,,,,,,,,,,,,,,,,,,,,,,,,,,,,,,,,,,,,,,,,,,,,,,,,,,,,,,,,,,
2022,November,BRAC,Rajshahi_Division,Bogra, Ganganagar Peripharal Lab ,RR TB detected,0,0,0,0,0,0,0,0,0,0,0,0,0,0,0,0,0,0,0,0,0,0,0,0,0,,0,0,0,0,0,0,,,,,,,,,,,,,,,,,,,,,,,,,,,,,,,,,,,,,,,,,,,,,,,,,,,,,,,,,,,,,,,,,,,,,,,,,,,,,,,,,,,,,,,,,,,,,,,,,,,,,,,,,,,,,,,,,
2022,November,BRAC,Rajshahi_Division,Bogra, Gossainbari FWC,Tested by Xpert MTB/RIF,0,201,201,0,0,6,0,1,0,0,0,0,0,0,0,0,0,0,0,0,0,0,0,0,0,,0,7,0,0,0,0,201,7,208,8,0,2,193,7,0,0,0,15,0,2,193,3,0,0,0,0,0,3,0,1,1,2,1,1,2,210,211,17,,,,,Rajshahi_Division,Bogura, Gossainbari FWC,November,2022,900,900,100,8,8,20,40,70,1,1,0,201,208,0,0,3,0,2,21,0,0,0,0,1,0,0,0,0,0,0,0,0,0,0,2,0,0,0,0,0,0,0,0,0,0,0,3,0,0,0,0,0,0,0,0,0,0,,,,,,,,,,,,,,,
2022,November,BRAC,Rajshahi_Division,Bogra, Gossainbari FWC,MTB detected,0,8,8,0,0,6,0,1,0,0,0,0,0,0,0,0,0,0,0,0,0,0,0,0,0,,0,7,0,0,0,0,,,,,,,,,,,,,,,,,,,,,,,,,,,,,,,,,,,,,,,,,,,,,,,,,,,,,,,,,,,,,,,,,,,,,,,,,,,,,,,,,,,,,,,,,,,,,,,,,,,,,,,,,,,,,,,,,
2022,November,BRAC,Rajshahi_Division,Bogra, Gossainbari FWC,RR TB detected,0,0,0,0,0,0,0,0,0,0,0,0,0,0,0,0,0,0,0,0,0,0,0,0,0,,0,0,0,0,0,0,,,,,,,,,,,,,,,,,,,,,,,,,,,,,,,,,,,,,,,,,,,,,,,,,,,,,,,,,,,,,,,,,,,,,,,,,,,,,,,,,,,,,,,,,,,,,,,,,,,,,,,,,,,,,,,,,
2022,November,BRAC,Rajshahi_Division,Pabna, PL Handial FWC,Tested by Xpert MTB/RIF,0,247,247,0,0,1,0,0,0,0,0,0,0,0,0,0,0,0,0,0,0,0,0,0,0,,0,1,0,0,0,0,247,1,248,15,0,0,232,0,0,0,1,15,0,0,233,4,0,5,0,0,0,9,0,1,1,2,1,1,2,256,257,15,,,,,Rajshahi_Division,Pabna, PL Handial FWC,November,2022,900,900,100,8,8,20,40,64,0,0,0,248,248,0,0,8,0,0,21,0,0,0,0,1,0,0,0,0,0,0,0,0,0,0,7,0,0,0,0,0,0,2,0,2,0,1,4,0,0,0,0,0,0,0,0,0,0,,,,,,,,,,,,,,,
2022,November,BRAC,Rajshahi_Division,Pabna, PL Handial FWC,MTB detected,0,15,15,0,0,0,0,0,0,0,0,0,0,0,0,0,0,0,0,0,0,0,0,0,0,,0,0,0,0,0,0,,,,,,,,,,,,,,,,,,,,,,,,,,,,,,,,,,,,,,,,,,,,,,,,,,,,,,,,,,,,,,,,,,,,,,,,,,,,,,,,,,,,,,,,,,,,,,,,,,,,,,,,,,,,,,,,,
2022,November,BRAC,Rajshahi_Division,Pabna, PL Handial FWC,RR TB detected,0,0,0,0,0,0,0,0,0,0,0,0,0,0,0,0,0,0,0,0,0,0,0,0,0,,0,0,0,0,0,0,,,,,,,,,,,,,,,,,,,,,,,,,,,,,,,,,,,,,,,,,,,,,,,,,,,,,,,,,,,,,,,,,,,,,,,,,,,,,,,,,,,,,,,,,,,,,,,,,,,,,,,,,,,,,,,,,
2022,November,BRAC,Rajshahi_Division,Sirajganj, Khukni Pheferipal Lab,Tested by Xpert MTB/RIF,0,194,194,0,0,2,0,15,0,0,0,0,0,0,0,0,0,0,0,0,0,0,0,0,0,,0,17,0,0,0,0,194,17,211,14,0,0,180,3,0,0,14,17,0,0,194,10,0,3,0,0,0,13,0,1,1,2,1,1,2,223,224,20,,,,,Rajshahi_Division,Sirajganj, Khukni Pheferipal Lab,November,2022,900,900,200,8,8,20,40,65,0,3,0,504,211,293,14,9,0,3,21,0,0,0,0,3,0,0,0,0,0,0,0,0,0,0,6,0,0,0,0,0,0,3,0,0,0,0,10,0,0,0,0,0,0,0,0,0,0,,,,,,,,,,,,,,,
2022,November,BRAC,Rajshahi_Division,Sirajganj, Khukni Pheferipal Lab,MTB detected,0,14,14,0,0,2,0,1,0,0,0,0,0,0,0,0,0,0,0,0,0,0,0,0,0,,0,3,0,0,0,0,,,,,,,,,,,,,,,,,,,,,,,,,,,,,,,,,,,,,,,,,,,,,,,,,,,,,,,,,,,,,,,,,,,,,,,,,,,,,,,,,,,,,,,,,,,,,,,,,,,,,,,,,,,,,,,,,
2022,November,BRAC,Rajshahi_Division,Sirajganj, Khukni Pheferipal Lab,RR TB detected,0,0,0,0,0,0,0,0,0,0,0,0,0,0,0,0,0,0,0,0,0,0,0,0,0,,0,0,0,0,0,0,,,,,,,,,,,,,,,,,,,,,,,,,,,,,,,,,,,,,,,,,,,,,,,,,,,,,,,,,,,,,,,,,,,,,,,,,,,,,,,,,,,,,,,,,,,,,,,,,,,,,,,,,,,,,,,,,
2022,November,BRAC,Rajshahi_Division,Bogra, Zorgacha FWC,Tested by Xpert MTB/RIF,0,210,210,0,0,3,0,3,0,0,0,0,0,0,0,0,0,0,0,0,0,0,0,0,0,,0,6,0,0,0,0,210,6,216,11,0,2,199,4,0,0,2,15,0,2,201,2,0,3,0,0,0,5,0,1,1,2,1,1,2,224,221,17,,,,,Rajshahi_Division,Bogura, Zorgacha FWC,November,2022,900,900,100,7,8,20,40,70,2,0,0,213,213,0,0,8,0,2,21,0,0,0,2,4,0,0,0,0,0,0,0,0,0,0,2,0,0,0,0,0,0,2,1,0,0,0,2,0,0,0,0,0,0,0,0,0,0,,,,,,,,,,,,,,,
2022,November,BRAC,Rajshahi_Division,Bogra, Zorgacha FWC,MTB detected,0,11,11,0,0,3,0,1,0,0,0,0,0,0,0,0,0,0,0,0,0,0,0,0,0,,0,4,0,0,0,0,,,,,,,,,,,,,,,,,,,,,,,,,,,,,,,,,,,,,,,,,,,,,,,,,,,,,,,,,,,,,,,,,,,,,,,,,,,,,,,,,,,,,,,,,,,,,,,,,,,,,,,,,,,,,,,,,
2022,November,BRAC,Rajshahi_Division,Bogra, Zorgacha FWC,RR TB detected,0,0,0,0,0,0,0,0,0,0,0,0,0,0,0,0,0,0,0,0,0,0,0,0,0,,0,0,0,0,0,0,,,,,,,,,,,,,,,,,,,,,,,,,,,,,,,,,,,,,,,,,,,,,,,,,,,,,,,,,,,,,,,,,,,,,,,,,,,,,,,,,,,,,,,,,,,,,,,,,,,,,,,,,,,,,,,,,
2022,November,BRAC,Rajshahi_Division,Natore, Nashratpur FWC PL,Tested by Xpert MTB/RIF,5,263,268,0,0,0,0,0,0,0,0,0,0,0,0,0,0,0,0,0,0,0,0,0,0,,0,0,0,0,0,0,268,0,268,17,0,0,251,0,0,0,0,17,0,0,251,9,0,8,0,0,0,17,0,1,1,2,1,1,2,271,285,20,,,,,Rajshahi_Division,Natore, Nashratpur FWC PL,November,2022,900,900,100,8,8,20,40,70,11,17,0,311,268,43,1,8,0,3,21,0,0,0,0,3,0,0,0,0,0,0,0,0,0,0,3,0,2,0,0,0,0,4,0,0,0,4,9,0,0,0,0,0,0,0,0,0,0,,,,,,,,,,,,,,,
2022,November,BRAC,Rajshahi_Division,Natore, Nashratpur FWC PL,MTB detected,0,17,17,0,0,0,0,0,0,0,0,0,0,0,0,0,0,0,0,0,0,0,0,0,0,,0,0,0,0,0,0,,,,,,,,,,,,,,,,,,,,,,,,,,,,,,,,,,,,,,,,,,,,,,,,,,,,,,,,,,,,,,,,,,,,,,,,,,,,,,,,,,,,,,,,,,,,,,,,,,,,,,,,,,,,,,,,,
2022,November,BRAC,Rajshahi_Division,Natore, Nashratpur FWC PL,RR TB detected,0,0,0,0,0,0,0,0,0,0,0,0,0,0,0,0,0,0,0,0,0,0,0,0,0,,0,0,0,0,0,0,,,,,,,,,,,,,,,,,,,,,,,,,,,,,,,,,,,,,,,,,,,,,,,,,,,,,,,,,,,,,,,,,,,,,,,,,,,,,,,,,,,,,,,,,,,,,,,,,,,,,,,,,,,,,,,,,
2022,November,BRAC,Rajshahi_Division,Pabna, Pl Natiabari RD,Tested by Xpert MTB/RIF,0,114,114,0,0,1,0,9,0,0,0,0,0,0,0,0,0,0,0,0,0,0,0,0,0,,0,10,0,0,0,0,114,10,124,5,0,0,109,0,0,1,10,5,0,1,119,4,0,0,0,0,0,4,0,0,0,0,0,0,0,129,128,6,,,,,Rajshahi_Division,Pabna, Pl Natiabari RD,November,2022,900,900,100,8,8,20,40,70,0,0,0,316,124,202,14,5,4,1,21,0,0,0,0,1,0,0,4,0,0,0,0,0,0,0,0,0,0,0,0,0,0,0,0,0,0,0,4,0,0,0,0,0,0,0,0,0,0,,,,,,,,,,,,,,,
2022,November,BRAC,Rajshahi_Division,Pabna, Pl Natiabari RD,MTB detected,0,5,5,0,0,0,0,0,0,0,0,0,0,0,0,0,0,0,0,0,0,0,0,0,0,,0,0,0,0,0,0,,,,,,,,,,,,,,,,,,,,,,,,,,,,,,,,,,,,,,,,,,,,,,,,,,,,,,,,,,,,,,,,,,,,,,,,,,,,,,,,,,,,,,,,,,,,,,,,,,,,,,,,,,,,,,,,,
2022,November,BRAC,Rajshahi_Division,Pabna, Pl Natiabari RD,RR TB detected,0,0,0,0,0,0,0,0,0,0,0,0,0,0,0,0,0,0,0,0,0,0,0,0,0,,0,0,0,0,0,0,,,,,,,,,,,,,,,,,,,,,,,,,,,,,,,,,,,,,,,,,,,,,,,,,,,,,,,,,,,,,,,,,,,,,,,,,,,,,,,,,,,,,,,,,,,,,,,,,,,,,,,,,,,,,,,,,
2022,November,BRAC,Rajshahi_Division,Natore, Kaligong Sub-Health Cente,Tested by Xpert MTB/RIF,0,206,206,0,0,2,0,0,0,0,0,0,0,0,0,0,0,0,0,0,0,0,0,0,0,,0,2,0,0,0,0,206,2,208,11,1,1,194,2,0,0,0,13,1,1,194,14,0,6,0,0,0,20,0,1,1,2,1,1,2,221,228,19,,,,,Rajshahi_Division,Natore, Kaligong Sub-Health Center,November,2022,900,900,100,7,8,20,40,69,3,3,0,206,208,0,0,9,0,5,21,0,0,0,0,5,0,0,0,0,0,0,0,0,0,0,4,0,0,0,0,0,0,2,0,2,0,2,14,0,0,0,0,0,0,0,0,0,0,,,,,,,,,,,,,,,
2022,November,BRAC,Rajshahi_Division,Natore, Kaligong Sub-Health Cente,MTB detected,0,12,12,0,0,2,0,0,0,0,0,0,0,0,0,0,0,0,0,0,0,0,0,0,0,,0,2,0,0,0,0,,,,,,,,,,,,,,,,,,,,,,,,,,,,,,,,,,,,,,,,,,,,,,,,,,,,,,,,,,,,,,,,,,,,,,,,,,,,,,,,,,,,,,,,,,,,,,,,,,,,,,,,,,,,,,,,,
2022,November,BRAC,Rajshahi_Division,Natore, Kaligong Sub-Health Cente,RR TB detected,0,1,1,0,0,0,0,0,0,0,0,0,0,0,0,0,0,0,0,0,0,0,0,0,0,,0,0,0,0,0,0,,,,,,,,,,,,,,,,,,,,,,,,,,,,,,,,,,,,,,,,,,,,,,,,,,,,,,,,,,,,,,,,,,,,,,,,,,,,,,,,,,,,,,,,,,,,,,,,,,,,,,,,,,,,,,,,,
2022,December,BRAC,Rajshahi_Division,Pabna, PL Aowtapara UP,Tested by Xpert MTB/RIF,0,126,126,0,0,1,0,0,4,0,0,0,0,0,0,0,0,0,0,0,0,0,0,0,0,,0,5,0,0,0,0,126,5,131,13,1,10,112,2,0,0,3,15,1,10,115,9,0,4,0,0,0,13,0,1,1,2,1,1,2,149,152,41,,,,,Rajshahi_Division,Pabna, PL Aowtapara UP,December,2022,1500,1500,100,8,8,20,42,70,0,3,0,151,126,25,0,3,0,10,21,0,0,0,0,2,0,0,0,0,0,0,0,1,0,0,0,0,0,0,0,0,0,3,0,1,0,0,9,0,0,0,0,0,0,0,0,0,0,,,,,,,,,,,,,,,
2022,December,BRAC,Rajshahi_Division,Pabna, PL Aowtapara UP,MTB detected,0,14,14,0,0,1,0,0,1,0,0,0,0,0,0,0,0,0,0,0,0,0,0,0,0,,0,2,0,0,0,0,,,,,,,,,,,,,,,,,,,,,,,,,,,,,,,,,,,,,,,,,,,,,,,,,,,,,,,,,,,,,,,,,,,,,,,,,,,,,,,,,,,,,,,,,,,,,,,,,,,,,,,,,,,,,,,,,
2022,December,BRAC,Rajshahi_Division,Pabna, PL Aowtapara UP,RR TB detected,0,1,1,0,0,0,0,0,0,0,0,0,0,0,0,0,0,0,0,0,0,0,0,0,0,,0,0,0,0,0,0,,,,,,,,,,,,,,,,,,,,,,,,,,,,,,,,,,,,,,,,,,,,,,,,,,,,,,,,,,,,,,,,,,,,,,,,,,,,,,,,,,,,,,,,,,,,,,,,,,,,,,,,,,,,,,,,,
2022,December,BRAC,Rajshahi_Division,Pabna, PL Handial FWC,Tested by Xpert MTB/RIF,0,207,207,1,0,0,0,0,0,0,0,0,0,0,0,0,0,0,0,0,0,0,0,0,0,,0,1,0,0,0,0,207,1,208,18,0,0,189,1,0,0,0,19,0,0,189,9,0,3,0,0,0,12,0,1,1,2,1,1,2,225,220,22,,,,,Rajshahi_Division,Pabna, PL Handial FWC,December,2022,900,900,100,7.3,7.4,20,40,67,0,2,0,207,207,0,0,17,0,3,17,0,0,0,0,8,0,0,0,0,0,0,0,0,0,0,9,0,0,0,0,0,0,1,0,2,0,0,9,0,0,0,0,0,0,0,0,0,0,,,,,,,,,,,,,,,
2022,December,BRAC,Rajshahi_Division,Pabna, PL Handial FWC,MTB detected,0,18,18,1,0,0,0,0,0,0,0,0,0,0,0,0,0,0,0,0,0,0,0,0,0,,0,1,0,0,0,0,,,,,,,,,,,,,,,,,,,,,,,,,,,,,,,,,,,,,,,,,,,,,,,,,,,,,,,,,,,,,,,,,,,,,,,,,,,,,,,,,,,,,,,,,,,,,,,,,,,,,,,,,,,,,,,,,
2022,December,BRAC,Rajshahi_Division,Pabna, PL Handial FWC,RR TB detected,0,0,0,0,0,0,0,0,0,0,0,0,0,0,0,0,0,0,0,0,0,0,0,0,0,,0,0,0,0,0,0,,,,,,,,,,,,,,,,,,,,,,,,,,,,,,,,,,,,,,,,,,,,,,,,,,,,,,,,,,,,,,,,,,,,,,,,,,,,,,,,,,,,,,,,,,,,,,,,,,,,,,,,,,,,,,,,,
2022,December,BRAC,Rajshahi_Division,Pabna, Pl Natiabari RD,Tested by Xpert MTB/RIF,0,157,157,0,0,0,0,4,0,0,0,0,0,0,0,0,0,0,0,0,0,0,0,0,0,,0,4,0,0,0,0,157,4,161,9,0,4,148,1,0,1,3,10,0,5,151,8,0,1,0,0,0,9,0,1,1,2,1,1,2,169,170,15,,,,,Rajshahi_Division,Pabna, Pl Natiabari RD,December,2022,900,900,100,8,8,20,40,70,2,0,0,271,157,114,3,8,7,5,18,0,0,0,0,8,0,0,0,0,0,0,0,0,0,0,0,0,0,0,0,0,0,1,0,0,0,0,8,0,0,0,0,0,0,0,0,0,0,,,,,,,,,,,,,,,
2022,December,BRAC,Rajshahi_Division,Pabna, Pl Natiabari RD,MTB detected,0,9,9,0,0,0,0,1,0,0,0,0,0,0,0,0,0,0,0,0,0,0,0,0,0,,0,1,0,0,0,0,,,,,,,,,,,,,,,,,,,,,,,,,,,,,,,,,,,,,,,,,,,,,,,,,,,,,,,,,,,,,,,,,,,,,,,,,,,,,,,,,,,,,,,,,,,,,,,,,,,,,,,,,,,,,,,,,
2022,December,BRAC,Rajshahi_Division,Pabna, Pl Natiabari RD,RR TB detected,0,0,0,0,0,0,0,0,0,0,0,0,0,0,0,0,0,0,0,0,0,0,0,0,0,,0,0,0,0,0,0,,,,,,,,,,,,,,,,,,,,,,,,,,,,,,,,,,,,,,,,,,,,,,,,,,,,,,,,,,,,,,,,,,,,,,,,,,,,,,,,,,,,,,,,,,,,,,,,,,,,,,,,,,,,,,,,,
2022,December,BRAC,Rajshahi_Division,Sirajganj," 31 Beded Hospital , Bagbati",Tested by Xpert MTB/RIF,0,148,148,0,2,7,0,5,0,0,0,0,0,0,0,0,0,0,0,0,0,0,0,0,0,,0,14,0,0,0,0,148,14,162,2,0,0,146,8,0,1,6,10,0,1,152,7,0,3,0,0,0,10,0,1,1,2,1,1,2,173,172,12,,,,,Rajshahi_Division,Sirajganj," 31 Beded Hospital, Bagbati",December,2022,900,900,100,8,8,20,42,68,4,2,1,224,148,76,0,11,0,1,15,0,0,0,0,5,0,0,0,0,0,0,0,0,0,0,6,0,0,0,0,0,0,0,3,0,0,0,7,0,0,0,0,0,0,0,0,0,0,,,,,,,,,,,,,,,
2022,December,BRAC,Rajshahi_Division,Sirajganj," 31 Beded Hospital , Bagbati",MTB detected,0,2,2,0,2,6,0,0,0,0,0,0,0,0,0,0,0,0,0,0,0,0,0,0,0,,0,8,0,0,0,0,,,,,,,,,,,,,,,,,,,,,,,,,,,,,,,,,,,,,,,,,,,,,,,,,,,,,,,,,,,,,,,,,,,,,,,,,,,,,,,,,,,,,,,,,,,,,,,,,,,,,,,,,,,,,,,,,
2022,December,BRAC,Rajshahi_Division,Sirajganj," 31 Beded Hospital , Bagbati",RR TB detected,0,0,0,0,0,0,0,0,0,0,0,0,0,0,0,0,0,0,0,0,0,0,0,0,0,,0,0,0,0,0,0,,,,,,,,,,,,,,,,,,,,,,,,,,,,,,,,,,,,,,,,,,,,,,,,,,,,,,,,,,,,,,,,,,,,,,,,,,,,,,,,,,,,,,,,,,,,,,,,,,,,,,,,,,,,,,,,,
2022,December,BRAC,Rajshahi_Division,Bogra, Bamunia Peripharal Lab,Tested by Xpert MTB/RIF,0,157,157,0,0,2,0,0,0,0,0,0,0,0,0,0,0,0,0,0,0,0,0,0,0,,0,2,0,0,0,0,157,2,159,12,0,0,145,0,0,2,2,12,0,2,147,4,0,0,0,0,0,4,0,1,1,2,1,1,2,160,164,15,,,,,Rajshahi_Division,Bogura, Bamunia Peripharal Lab,December,2022,900,900,100,8,8,20,40,68,0,0,1,212,157,55,2,0,0,2,14,0,0,0,0,0,0,0,0,0,0,0,0,0,0,0,0,0,0,0,0,0,0,0,0,0,0,0,4,0,0,0,0,0,0,0,0,0,0,,,,,,,,,,,,,,,
2022,December,BRAC,Rajshahi_Division,Bogra, Bamunia Peripharal Lab,MTB detected,0,12,12,0,0,0,0,0,0,0,0,0,0,0,0,0,0,0,0,0,0,0,0,0,0,,0,0,0,0,0,0,,,,,,,,,,,,,,,,,,,,,,,,,,,,,,,,,,,,,,,,,,,,,,,,,,,,,,,,,,,,,,,,,,,,,,,,,,,,,,,,,,,,,,,,,,,,,,,,,,,,,,,,,,,,,,,,,
2022,December,BRAC,Rajshahi_Division,Bogra, Bamunia Peripharal Lab,RR TB detected,0,0,0,0,0,0,0,0,0,0,0,0,0,0,0,0,0,0,0,0,0,0,0,0,0,,0,0,0,0,0,0,,,,,,,,,,,,,,,,,,,,,,,,,,,,,,,,,,,,,,,,,,,,,,,,,,,,,,,,,,,,,,,,,,,,,,,,,,,,,,,,,,,,,,,,,,,,,,,,,,,,,,,,,,,,,,,,,
2022,December,BRAC,Rajshahi_Division,Bogra, Chonka Peripharal Lab,Tested by Xpert MTB/RIF,0,201,201,0,0,0,0,0,0,0,0,0,0,0,0,0,0,0,0,0,0,0,0,0,0,,0,0,0,0,0,0,201,0,201,15,0,0,186,0,0,0,0,15,0,0,186,10,0,4,0,0,0,14,0,1,1,2,1,1,2,204,217,19,,,,,Rajshahi_Division,Bogura, Chonka Peripharal Lab,December,2022,900,900,100,6,7.76,20,40,65,0,0,0,262,201,50,1,0,0,0,17,0,0,0,0,0,0,0,0,0,0,0,0,0,0,0,0,0,0,0,0,0,0,2,0,0,0,2,10,0,0,0,0,0,0,0,0,0,0,,,,,,,,,,,,,,,
2022,December,BRAC,Rajshahi_Division,Bogra, Chonka Peripharal Lab,MTB detected,0,15,15,0,0,0,0,0,0,0,0,0,0,0,0,0,0,0,0,0,0,0,0,0,0,,0,0,0,0,0,0,,,,,,,,,,,,,,,,,,,,,,,,,,,,,,,,,,,,,,,,,,,,,,,,,,,,,,,,,,,,,,,,,,,,,,,,,,,,,,,,,,,,,,,,,,,,,,,,,,,,,,,,,,,,,,,,,
2022,December,BRAC,Rajshahi_Division,Bogra, Chonka Peripharal Lab,RR TB detected,0,0,0,0,0,0,0,0,0,0,0,0,0,0,0,0,0,0,0,0,0,0,0,0,0,,0,0,0,0,0,0,,,,,,,,,,,,,,,,,,,,,,,,,,,,,,,,,,,,,,,,,,,,,,,,,,,,,,,,,,,,,,,,,,,,,,,,,,,,,,,,,,,,,,,,,,,,,,,,,,,,,,,,,,,,,,,,,
2022,December,BRAC,Rajshahi_Division,Bogra, Ganganagar Peripharal Lab ,Tested by Xpert MTB/RIF,0,177,177,0,0,0,0,3,0,0,0,0,0,0,0,0,0,0,0,0,0,0,0,0,0,,0,3,0,0,0,0,177,3,180,16,0,0,161,3,0,1,0,19,0,1,161,38,0,4,0,0,0,42,0,1,1,2,1,1,2,185,222,20,,,,,Rajshahi_Division,Bogura, Ganganagar Peripharal Lab,December,2022,900,900,100,6.7,7.8,20,40,67,0,0,0,232,177,55,0,5,0,1,18,0,0,0,2,3,0,0,0,0,0,0,0,0,0,0,0,0,0,0,0,0,0,3,0,0,0,1,38,0,0,0,0,0,0,0,0,0,0,,,,,,,,,,,,,,,
2022,December,BRAC,Rajshahi_Division,Bogra, Ganganagar Peripharal Lab ,MTB detected,0,16,16,0,0,0,0,3,0,0,0,0,0,0,0,0,0,0,0,0,0,0,0,0,0,,0,3,0,0,0,0,,,,,,,,,,,,,,,,,,,,,,,,,,,,,,,,,,,,,,,,,,,,,,,,,,,,,,,,,,,,,,,,,,,,,,,,,,,,,,,,,,,,,,,,,,,,,,,,,,,,,,,,,,,,,,,,,
2022,December,BRAC,Rajshahi_Division,Bogra, Ganganagar Peripharal Lab ,RR TB detected,0,0,0,0,0,0,0,0,0,0,0,0,0,0,0,0,0,0,0,0,0,0,0,0,0,,0,0,0,0,0,0,,,,,,,,,,,,,,,,,,,,,,,,,,,,,,,,,,,,,,,,,,,,,,,,,,,,,,,,,,,,,,,,,,,,,,,,,,,,,,,,,,,,,,,,,,,,,,,,,,,,,,,,,,,,,,,,,
2022,December,BRAC,Rajshahi_Division,Bogra, Gossainbari FWC,Tested by Xpert MTB/RIF,0,192,192,0,0,4,0,1,0,0,0,0,0,0,0,0,0,0,0,0,0,0,0,0,0,,0,5,0,0,0,0,192,5,197,10,2,5,180,3,2,0,0,13,4,5,180,2,0,0,0,0,0,2,0,1,1,2,1,1,2,203,199,22,,,,,Rajshahi_Division,Bogura, Gossainbari FWC,December,2022,900,900,100,8,8,20,40,70,3,0,0,193,192,0,0,6,0,5,17,0,0,0,0,5,0,0,0,0,0,0,0,0,0,0,1,0,0,0,0,0,0,0,0,0,0,0,2,0,0,0,0,0,0,0,0,0,0,,,,,,,,,,,,,,,
2022,December,BRAC,Rajshahi_Division,Bogra, Gossainbari FWC,MTB detected,0,12,12,0,0,4,0,1,0,0,0,0,0,0,0,0,0,0,0,0,0,0,0,0,0,,0,5,0,0,0,0,,,,,,,,,,,,,,,,,,,,,,,,,,,,,,,,,,,,,,,,,,,,,,,,,,,,,,,,,,,,,,,,,,,,,,,,,,,,,,,,,,,,,,,,,,,,,,,,,,,,,,,,,,,,,,,,,
2022,December,BRAC,Rajshahi_Division,Bogra, Gossainbari FWC,RR TB detected,0,2,2,0,0,1,0,1,0,0,0,0,0,0,0,0,0,0,0,0,0,0,0,0,0,,0,2,0,0,0,0,,,,,,,,,,,,,,,,,,,,,,,,,,,,,,,,,,,,,,,,,,,,,,,,,,,,,,,,,,,,,,,,,,,,,,,,,,,,,,,,,,,,,,,,,,,,,,,,,,,,,,,,,,,,,,,,,
2022,December,BRAC,Rajshahi_Division,Natore, Kaligong Sub-Health Cente,Tested by Xpert MTB/RIF,0,221,221,0,0,2,0,0,0,0,0,0,0,0,0,0,0,0,0,0,0,0,0,0,0,,0,2,0,0,0,0,221,2,223,10,0,0,211,1,0,1,1,11,0,1,212,32,0,6,0,0,0,38,0,1,1,2,1,1,2,233,266,17,,,,,Rajshahi_Division,Natore, Kaligong Sub-Health Center,December,2022,900,900,100,8,8,20,40,69,0,0,0,221,221,0,0,5,0,1,20,0,0,0,0,5,0,0,0,0,0,0,0,0,0,0,0,0,0,0,0,0,0,5,0,0,0,1,32,0,0,0,0,0,0,0,0,0,0,,,,,,,,,,,,,,,
2022,December,BRAC,Rajshahi_Division,Natore, Kaligong Sub-Health Cente,MTB detected,0,10,10,0,0,1,0,0,0,0,0,0,0,0,0,0,0,0,0,0,0,0,0,0,0,,0,1,0,0,0,0,,,,,,,,,,,,,,,,,,,,,,,,,,,,,,,,,,,,,,,,,,,,,,,,,,,,,,,,,,,,,,,,,,,,,,,,,,,,,,,,,,,,,,,,,,,,,,,,,,,,,,,,,,,,,,,,,
2022,December,BRAC,Rajshahi_Division,Natore, Kaligong Sub-Health Cente,RR TB detected,0,0,0,0,0,0,0,0,0,0,0,0,0,0,0,0,0,0,0,0,0,0,0,0,0,,0,0,0,0,0,0,,,,,,,,,,,,,,,,,,,,,,,,,,,,,,,,,,,,,,,,,,,,,,,,,,,,,,,,,,,,,,,,,,,,,,,,,,,,,,,,,,,,,,,,,,,,,,,,,,,,,,,,,,,,,,,,,
2022,December,BRAC,Rajshahi_Division,Sirajganj, Khukni Pheferipal Lab,Tested by Xpert MTB/RIF,0,213,213,0,0,2,0,18,0,0,0,0,0,0,0,0,0,0,0,0,0,0,0,0,0,,0,20,0,0,0,0,213,20,233,18,0,0,195,4,0,0,16,22,0,0,211,11,0,3,0,0,0,14,0,1,1,2,1,1,2,239,247,28,,,,,Rajshahi_Division,Sirajganj, Khukni Pheferipal Lab,December,2022,1400,1400,200,8,8,20,40,68,0,1,0,406,213,193,6,6,0,0,22,0,0,0,0,3,0,0,0,0,0,0,0,0,0,0,3,0,0,0,0,0,0,2,0,0,0,1,11,0,0,0,0,0,0,0,0,0,0,,,,,,,,,,,,,,,
2022,December,BRAC,Rajshahi_Division,Sirajganj, Khukni Pheferipal Lab,MTB detected,0,18,18,0,0,1,0,3,0,0,0,0,0,0,0,0,0,0,0,0,0,0,0,0,0,,0,4,0,0,0,0,,,,,,,,,,,,,,,,,,,,,,,,,,,,,,,,,,,,,,,,,,,,,,,,,,,,,,,,,,,,,,,,,,,,,,,,,,,,,,,,,,,,,,,,,,,,,,,,,,,,,,,,,,,,,,,,,
2022,December,BRAC,Rajshahi_Division,Sirajganj, Khukni Pheferipal Lab,RR TB detected,0,0,0,0,0,0,0,0,0,0,0,0,0,0,0,0,0,0,0,0,0,0,0,0,0,,0,0,0,0,0,0,,,,,,,,,,,,,,,,,,,,,,,,,,,,,,,,,,,,,,,,,,,,,,,,,,,,,,,,,,,,,,,,,,,,,,,,,,,,,,,,,,,,,,,,,,,,,,,,,,,,,,,,,,,,,,,,,
2022,December,BRAC,Rajshahi_Division,Natore, Nashratpur FWC PL,Tested by Xpert MTB/RIF,2,224,226,1,0,1,0,4,0,0,0,0,0,0,0,0,0,0,0,0,0,0,0,0,0,,0,6,0,0,0,0,226,6,232,14,0,0,212,3,0,0,3,17,0,0,215,13,0,0,0,0,0,13,0,1,1,2,1,1,2,242,245,18,,,,,Rajshahi_Division,Natore, Nashratpur FWC PL,December,2022,900,900,100,8,8,20,40,50,2,4,1,281,226,49,1,10,0,0,19,0,0,0,0,5,0,0,0,0,0,0,0,0,0,2,3,0,0,0,0,0,0,0,0,0,0,0,13,0,0,0,0,0,0,0,0,0,0,,,,,,,,,,,,,,,
2022,December,BRAC,Rajshahi_Division,Natore, Nashratpur FWC PL,MTB detected,0,14,14,1,0,1,0,1,0,0,0,0,0,0,0,0,0,0,0,0,0,0,0,0,0,,0,3,0,0,0,0,,,,,,,,,,,,,,,,,,,,,,,,,,,,,,,,,,,,,,,,,,,,,,,,,,,,,,,,,,,,,,,,,,,,,,,,,,,,,,,,,,,,,,,,,,,,,,,,,,,,,,,,,,,,,,,,,
2022,December,BRAC,Rajshahi_Division,Natore, Nashratpur FWC PL,RR TB detected,0,0,0,0,0,0,0,0,0,0,0,0,0,0,0,0,0,0,0,0,0,0,0,0,0,,0,0,0,0,0,0,,,,,,,,,,,,,,,,,,,,,,,,,,,,,,,,,,,,,,,,,,,,,,,,,,,,,,,,,,,,,,,,,,,,,,,,,,,,,,,,,,,,,,,,,,,,,,,,,,,,,,,,,,,,,,,,,
2022,December,BRAC,Rajshahi_Division,Bogra, Zorgacha FWC,Tested by Xpert MTB/RIF,1,206,207,0,0,0,7,0,0,0,0,0,0,0,0,0,0,0,0,0,0,0,0,0,0,,0,7,0,0,0,0,207,7,214,18,0,3,189,0,0,0,7,18,0,3,196,1,0,1,0,0,0,2,0,1,1,2,1,1,2,224,216,21,,,,,Rajshahi_Division,Bogura, Zorgacha FWC,December,2022,900,900,100,6.23,8,20,40,68,0,2,0,213,207,2,0,10,4,3,17,0,0,0,3,2,0,0,0,0,0,0,0,0,0,0,5,0,0,0,0,0,0,1,0,0,0,0,1,0,0,0,0,0,0,0,0,0,0,,,,,,,,,,,,,,,
2022,December,BRAC,Rajshahi_Division,Bogra, Zorgacha FWC,MTB detected,0,18,18,0,0,0,0,0,0,0,0,0,0,0,0,0,0,0,0,0,0,0,0,0,0,,0,0,0,0,0,0,,,,,,,,,,,,,,,,,,,,,,,,,,,,,,,,,,,,,,,,,,,,,,,,,,,,,,,,,,,,,,,,,,,,,,,,,,,,,,,,,,,,,,,,,,,,,,,,,,,,,,,,,,,,,,,,,
2022,December,BRAC,Rajshahi_Division,Bogra, Zorgacha FWC,RR TB detected,0,0,0,0,0,0,0,0,0,0,0,0,0,0,0,0,0,0,0,0,0,0,0,0,0,,0,0,0,0,0,0,,,,,,,,,,,,,,,,,,,,,,,,,,,,,,,,,,,,,,,,,,,,,,,,,,,,,,,,,,,,,,,,,,,,,,,,,,,,,,,,,,,,,,,,,,,,,,,,,,,,,,,,,,,,,,,,,
2022,December,Damien Foundation,Rajshahi_Division,Rajshahi, Hatkhujipur-FWC,Tested by Xpert MTB/RIF,0,177,177,0,0,0,0,0,1,0,0,0,0,0,0,0,0,0,0,0,0,0,0,0,0,,0,1,0,0,0,0,177,1,178,3,0,1,174,0,1,0,0,3,1,1,174,14,0,1,0,0,0,15,0,1,1,2,1,1,2,191,206,5,,,,,Rajshahi_Division,Rajshahi, Hatkhujipur-FWC,December,2022,0,0,0,7,7,22,45,64,0,0,0,181,178,3,0,0,25,1,22,0,0,0,0,0,0,0,0,0,0,0,0,0,0,0,0,0,0,0,0,0,0,1,0,0,0,0,14,0,0,0,0,0,0,0,0,0,0,,,,,,,,,,,,,,,
2022,December,Damien Foundation,Rajshahi_Division,Rajshahi, Hatkhujipur-FWC,MTB detected,0,3,3,0,0,0,0,0,1,0,0,0,0,0,0,0,0,0,0,0,0,0,0,0,0,,0,1,0,0,0,0,,,,,,,,,,,,,,,,,,,,,,,,,,,,,,,,,,,,,,,,,,,,,,,,,,,,,,,,,,,,,,,,,,,,,,,,,,,,,,,,,,,,,,,,,,,,,,,,,,,,,,,,,,,,,,,,,
2022,December,Damien Foundation,Rajshahi_Division,Rajshahi, Hatkhujipur-FWC,RR TB detected,0,0,0,0,0,0,0,0,1,0,0,0,0,0,0,0,0,0,0,0,0,0,0,0,0,,0,1,0,0,0,0,,,,,,,,,,,,,,,,,,,,,,,,,,,,,,,,,,,,,,,,,,,,,,,,,,,,,,,,,,,,,,,,,,,,,,,,,,,,,,,,,,,,,,,,,,,,,,,,,,,,,,,,,,,,,,,,,
2022,December,Damien Foundation,Rajshahi_Division,Rajshahi, Naowhata H & FWC,Tested by Xpert MTB/RIF,0,77,77,0,0,2,0,8,0,0,0,0,0,0,0,0,0,0,0,0,0,0,0,0,0,,0,10,0,57,0,57,134,10,144,4,0,0,130,4,0,2,6,8,0,2,136,2,0,3,0,0,0,5,0,1,1,2,1,1,2,146,149,13,,,,,Rajshahi_Division,Rajshahi, Naowhata H & FWC,December,2022,0,0,0,7,7.5,21,45,65,0,0,0,252,134,118,4,1,118,5,22,0,0,0,0,0,0,0,0,0,0,0,0,0,0,0,1,0,0,0,0,0,0,1,1,0,0,1,2,0,0,0,0,0,0,0,0,0,0,,,,,,,,,,,,,,,
2022,December,Damien Foundation,Rajshahi_Division,Rajshahi, Naowhata H & FWC,MTB detected,0,3,3,0,0,2,0,2,0,0,0,0,0,0,0,0,0,0,0,0,0,0,0,0,0,,0,4,0,1,0,1,,,,,,,,,,,,,,,,,,,,,,,,,,,,,,,,,,,,,,,,,,,,,,,,,,,,,,,,,,,,,,,,,,,,,,,,,,,,,,,,,,,,,,,,,,,,,,,,,,,,,,,,,,,,,,,,,
2022,December,Damien Foundation,Rajshahi_Division,Rajshahi, Naowhata H & FWC,RR TB detected,0,0,0,0,0,0,0,0,0,0,0,0,0,0,0,0,0,0,0,0,0,0,0,0,0,,0,0,0,0,0,0,,,,,,,,,,,,,,,,,,,,,,,,,,,,,,,,,,,,,,,,,,,,,,,,,,,,,,,,,,,,,,,,,,,,,,,,,,,,,,,,,,,,,,,,,,,,,,,,,,,,,,,,,,,,,,,,,
2022,December,Damien Foundation,Rajshahi_Division,Nawabganj, Shibganj 2nd Lab,Tested by Xpert MTB/RIF,0,102,102,0,0,0,0,1,0,0,0,0,0,0,0,0,0,0,0,0,0,0,0,0,0,,0,1,0,0,0,0,102,1,103,3,0,1,99,0,0,0,1,3,0,1,100,6,0,1,0,0,0,7,0,1,1,2,1,1,2,108,110,5,,,,,Rajshahi_Division,C.Nawabganj, Shibganj 2nd Lab,December,2022,0,0,0,7.5,7,21,44,66,0,0,0,115,103,12,0,5,12,2,22,0,0,0,0,5,0,0,0,0,0,0,0,0,0,0,0,0,0,0,0,0,0,0,0,0,0,1,6,0,0,0,0,0,0,0,0,0,0,,,,,,,,,,,,,,,
2022,December,Damien Foundation,Rajshahi_Division,Nawabganj, Shibganj 2nd Lab,MTB detected,0,3,3,0,0,0,0,0,0,0,0,0,0,0,0,0,0,0,0,0,0,0,0,0,0,,0,0,0,0,0,0,,,,,,,,,,,,,,,,,,,,,,,,,,,,,,,,,,,,,,,,,,,,,,,,,,,,,,,,,,,,,,,,,,,,,,,,,,,,,,,,,,,,,,,,,,,,,,,,,,,,,,,,,,,,,,,,,
2022,December,Damien Foundation,Rajshahi_Division,Nawabganj, Shibganj 2nd Lab,RR TB detected,0,0,0,0,0,0,0,0,0,0,0,0,0,0,0,0,0,0,0,0,0,0,0,0,0,,0,0,0,0,0,0,,,,,,,,,,,,,,,,,,,,,,,,,,,,,,,,,,,,,,,,,,,,,,,,,,,,,,,,,,,,,,,,,,,,,,,,,,,,,,,,,,,,,,,,,,,,,,,,,,,,,,,,,,,,,,,,,
2022,December,Damien Foundation,Rajshahi_Division,Naogaon, Nindoin Community Clinic ,Tested by Xpert MTB/RIF,0,164,164,0,0,1,0,5,0,0,0,0,0,0,0,0,0,0,0,0,0,0,0,0,0,,0,6,0,0,0,0,164,6,170,3,0,0,161,2,0,0,4,5,0,0,165,5,0,3,0,0,0,8,0,1,1,2,1,1,2,175,178,5,,,,,Rajshahi_Division,Nogaon, Nindoin Community Clinic,December,2022,0,0,0,7,7.5,21,45,65,0,2,0,164,164,0,0,5,15,0,22,0,0,0,0,3,0,0,0,0,0,0,0,0,0,0,2,0,0,0,0,0,0,3,0,0,0,0,5,0,0,0,0,0,0,0,0,0,0,,,,,,,,,,,,,,,
2022,December,Damien Foundation,Rajshahi_Division,Naogaon, Nindoin Community Clinic ,MTB detected,0,3,3,0,0,1,0,1,0,0,0,0,0,0,0,0,0,0,0,0,0,0,0,0,0,,0,2,0,0,0,0,,,,,,,,,,,,,,,,,,,,,,,,,,,,,,,,,,,,,,,,,,,,,,,,,,,,,,,,,,,,,,,,,,,,,,,,,,,,,,,,,,,,,,,,,,,,,,,,,,,,,,,,,,,,,,,,,
2022,December,Damien Foundation,Rajshahi_Division,Naogaon, Nindoin Community Clinic ,RR TB detected,0,0,0,0,0,0,0,0,0,0,0,0,0,0,0,0,0,0,0,0,0,0,0,0,0,,0,0,0,0,0,0,,,,,,,,,,,,,,,,,,,,,,,,,,,,,,,,,,,,,,,,,,,,,,,,,,,,,,,,,,,,,,,,,,,,,,,,,,,,,,,,,,,,,,,,,,,,,,,,,,,,,,,,,,,,,,,,,
,,,,,,,,,,,,,,,,,,,,,,,,,,,,,,,,,,,,,,,,,,,,,,,,,,,,,,,,,,,,,,,,,,,,,,,,,,,Rajshahi_Division,Rajshahi, Hatkhujipur-FWC,May,2023,400,400,0,7.5,7.5,21,45,65,0,0,0,122,86,36,0,0,0,0,14,0,0,0,0,0,0,0,0,0,0,0,0,0,0,0,0,0,0,0,0,0,0,0,0,0,0,0,4,0,0,0,0,0,0,0,0,0,0,,,,,,,,,,,,,,,
,,,,,,,,,,,,,,,,,,,,,,,,,,,,,,,,,,,,,,,,,,,,,,,,,,,,,,,,,,,,,,,,,,,,,,,,,,,,,,,,,,,,,,,,,,,,,,,,,,,,,,,,,,,,,,,,,,,,,,,,,,,,,,,,,,,,,,,,,,,,,,,,,,,,,,,
,,,,,,,,,,,,,,,,,,,,,,,,,,,,,,,,,,,,,,,,,,,,,,,,,,,,,,,,,,,,,,,,,,,,,,,,,,,,,,,,,,,,,,,,,,,,,,,,,,,,,,,,,,,,,,,,,,,,,,,,,,,,,,,,,,,,,,,,,,,,,,,,,,,,,,,
,,,,,,,,,,,,,,,,,,,,,,,,,,,,,,,,,,,,,,,,,,,,,,,,,,,,,,,,,,,,,,,,,,,,,,,,,,,Rajshahi_Division,Rajshahi, Naowhata H & FWC,May,2023,400,400,0,7,7,21,45,65,1,1,0,30,30,0,0,0,0,0,4,0,0,0,0,0,0,0,0,0,0,0,0,0,0,0,0,0,0,0,0,0,0,1,0,0,0,0,0,0,0,0,0,0,0,0,0,0,0,,,,,,,,,,,,,,,
,,,,,,,,,,,,,,,,,,,,,,,,,,,,,,,,,,,,,,,,,,,,,,,,,,,,,,,,,,,,,,,,,,,,,,,,,,,,,,,,,,,,,,,,,,,,,,,,,,,,,,,,,,,,,,,,,,,,,,,,,,,,,,,,,,,,,,,,,,,,,,,,,,,,,,,
,,,,,,,,,,,,,,,,,,,,,,,,,,,,,,,,,,,,,,,,,,,,,,,,,,,,,,,,,,,,,,,,,,,,,,,,,,,,,,,,,,,,,,,,,,,,,,,,,,,,,,,,,,,,,,,,,,,,,,,,,,,,,,,,,,,,,,,,,,,,,,,,,,,,,,,
,,,,,,,,,,,,,,,,,,,,,,,,,,,,,,,,,,,,,,,,,,,,,,,,,,,,,,,,,,,,,,,,,,,,,,,,,,,Rajshahi_Division,Nogaon, Nindoin Community Clinic,May,2023,400,400,50,7.5,7.5,21,45,65,0,8,0,146,99,47,0,0,7,1,17,0,0,0,0,0,0,0,0,0,0,0,0,0,0,0,0,0,0,0,0,0,0,0,0,0,0,0,1,0,0,0,0,0,0,0,0,0,0,,,,,,,,,,,,,,,
,,,,,,,,,,,,,,,,,,,,,,,,,,,,,,,,,,,,,,,,,,,,,,,,,,,,,,,,,,,,,,,,,,,,,,,,,,,,,,,,,,,,,,,,,,,,,,,,,,,,,,,,,,,,,,,,,,,,,,,,,,,,,,,,,,,,,,,,,,,,,,,,,,,,,,,
,,,,,,,,,,,,,,,,,,,,,,,,,,,,,,,,,,,,,,,,,,,,,,,,,,,,,,,,,,,,,,,,,,,,,,,,,,,,,,,,,,,,,,,,,,,,,,,,,,,,,,,,,,,,,,,,,,,,,,,,,,,,,,,,,,,,,,,,,,,,,,,,,,,,,,,
,,,,,,,,,,,,,,,,,,,,,,,,,,,,,,,,,,,,,,,,,,,,,,,,,,,,,,,,,,,,,,,,,,,,,,,,,,,Rajshahi_Division,C.Nawabganj, Shibganj 2nd Lab,May,2023,400,400,50,7,8,22,42,72,0,4,1,152,152,0,0,2,0,2,25,0,0,0,2,0,0,0,0,0,0,0,0,0,0,0,0,0,0,0,0,1,0,0,0,0,0,0,6,0,0,0,0,0,0,0,0,0,0,,,,,,,,,,,,,,,
,,,,,,,,,,,,,,,,,,,,,,,,,,,,,,,,,,,,,,,,,,,,,,,,,,,,,,,,,,,,,,,,,,,,,,,,,,,,,,,,,,,,,,,,,,,,,,,,,,,,,,,,,,,,,,,,,,,,,,,,,,,,,,,,,,,,,,,,,,,,,,,,,,,,,,,
,,,,,,,,,,,,,,,,,,,,,,,,,,,,,,,,,,,,,,,,,,,,,,,,,,,,,,,,,,,,,,,,,,,,,,,,,,,,,,,,,,,,,,,,,,,,,,,,,,,,,,,,,,,,,,,,,,,,,,,,,,,,,,,,,,,,,,,,,,,,,,,,,,,,,,,
,,,,,,,,,,,,,,,,,,,,,,,,,,,,,,,,,,,,,,,,,,,,,,,,,,,,,,,,,,,,,,,,,,,,,,,,,,,Rajshahi_Division,Bogura, Bamunia Peripharal Lab,May,2023,1500,1500,200,8,8,20,40,68,0,0,0,219,96,123,2,10,4,7,19,0,0,0,0,0,0,0,0,0,0,0,0,6,0,0,4,0,0,0,0,0,0,0,0,0,0,0,2,0,0,0,0,0,0,0,0,0,0,,,,,,,,,,,,,,,
,,,,,,,,,,,,,,,,,,,,,,,,,,,,,,,,,,,,,,,,,,,,,,,,,,,,,,,,,,,,,,,,,,,,,,,,,,,,,,,,,,,,,,,,,,,,,,,,,,,,,,,,,,,,,,,,,,,,,,,,,,,,,,,,,,,,,,,,,,,,,,,,,,,,,,,
,,,,,,,,,,,,,,,,,,,,,,,,,,,,,,,,,,,,,,,,,,,,,,,,,,,,,,,,,,,,,,,,,,,,,,,,,,,,,,,,,,,,,,,,,,,,,,,,,,,,,,,,,,,,,,,,,,,,,,,,,,,,,,,,,,,,,,,,,,,,,,,,,,,,,,,
,,,,,,,,,,,,,,,,,,,,,,,,,,,,,,,,,,,,,,,,,,,,,,,,,,,,,,,,,,,,,,,,,,,,,,,,,,,Rajshahi_Division,Bogura, Chonka Peripharal Lab,May,2023,1900,1900,205,6.21,7.78,20,40,65,0,0,0,319,137,182,6,0,0,6,13,0,0,0,0,0,1,0,0,0,0,0,0,0,0,0,0,0,0,0,0,0,0,0,0,0,0,0,2,0,0,0,0,0,0,0,0,0,0,,,,,,,,,,,,,,,
,,,,,,,,,,,,,,,,,,,,,,,,,,,,,,,,,,,,,,,,,,,,,,,,,,,,,,,,,,,,,,,,,,,,,,,,,,,,,,,,,,,,,,,,,,,,,,,,,,,,,,,,,,,,,,,,,,,,,,,,,,,,,,,,,,,,,,,,,,,,,,,,,,,,,,,
,,,,,,,,,,,,,,,,,,,,,,,,,,,,,,,,,,,,,,,,,,,,,,,,,,,,,,,,,,,,,,,,,,,,,,,,,,,,,,,,,,,,,,,,,,,,,,,,,,,,,,,,,,,,,,,,,,,,,,,,,,,,,,,,,,,,,,,,,,,,,,,,,,,,,,,
,,,,,,,,,,,,,,,,,,,,,,,,,,,,,,,,,,,,,,,,,,,,,,,,,,,,,,,,,,,,,,,,,,,,,,,,,,,Rajshahi_Division,Bogura, Ganganagar Peripharal Lab,May,2023,1500,1500,150,5,6,20,40,69,0,0,0,208,163,45,1,7,4,2,20,0,0,0,2,3,0,2,0,0,0,0,0,0,0,0,0,0,0,0,0,0,0,0,0,0,0,0,11,0,0,0,0,0,0,0,0,0,0,,,,,,,,,,,,,,,
,,,,,,,,,,,,,,,,,,,,,,,,,,,,,,,,,,,,,,,,,,,,,,,,,,,,,,,,,,,,,,,,,,,,,,,,,,,,,,,,,,,,,,,,,,,,,,,,,,,,,,,,,,,,,,,,,,,,,,,,,,,,,,,,,,,,,,,,,,,,,,,,,,,,,,,
,,,,,,,,,,,,,,,,,,,,,,,,,,,,,,,,,,,,,,,,,,,,,,,,,,,,,,,,,,,,,,,,,,,,,,,,,,,,,,,,,,,,,,,,,,,,,,,,,,,,,,,,,,,,,,,,,,,,,,,,,,,,,,,,,,,,,,,,,,,,,,,,,,,,,,,
,,,,,,,,,,,,,,,,,,,,,,,,,,,,,,,,,,,,,,,,,,,,,,,,,,,,,,,,,,,,,,,,,,,,,,,,,,,Rajshahi_Division,Bogura, Gossainbari FWC,May,2023,1800,1800,250,8,8,20,40,70,0,4,1,170,170,30,1,0,7,0,16,0,0,0,0,0,0,0,0,0,0,0,0,0,0,0,0,0,0,0,0,0,0,0,0,0,0,0,3,0,0,0,0,0,0,0,0,0,0,,,,,,,,,,,,,,,
,,,,,,,,,,,,,,,,,,,,,,,,,,,,,,,,,,,,,,,,,,,,,,,,,,,,,,,,,,,,,,,,,,,,,,,,,,,,,,,,,,,,,,,,,,,,,,,,,,,,,,,,,,,,,,,,,,,,,,,,,,,,,,,,,,,,,,,,,,,,,,,,,,,,,,,
,,,,,,,,,,,,,,,,,,,,,,,,,,,,,,,,,,,,,,,,,,,,,,,,,,,,,,,,,,,,,,,,,,,,,,,,,,,,,,,,,,,,,,,,,,,,,,,,,,,,,,,,,,,,,,,,,,,,,,,,,,,,,,,,,,,,,,,,,,,,,,,,,,,,,,,
,,,,,,,,,,,,,,,,,,,,,,,,,,,,,,,,,,,,,,,,,,,,,,,,,,,,,,,,,,,,,,,,,,,,,,,,,,,Rajshahi_Division,Bogura, Zorgacha FWC,May,2023,1750,1750,250,7,8,20,40,70,1,0,3,200,110,90,5,6,0,1,13,0,0,0,2,1,0,0,0,0,0,0,0,0,0,0,2,0,0,0,0,0,0,1,2,0,0,0,3,0,0,0,0,0,0,0,0,0,0,,,,,,,,,,,,,,,
,,,,,,,,,,,,,,,,,,,,,,,,,,,,,,,,,,,,,,,,,,,,,,,,,,,,,,,,,,,,,,,,,,,,,,,,,,,,,,,,,,,,,,,,,,,,,,,,,,,,,,,,,,,,,,,,,,,,,,,,,,,,,,,,,,,,,,,,,,,,,,,,,,,,,,,
,,,,,,,,,,,,,,,,,,,,,,,,,,,,,,,,,,,,,,,,,,,,,,,,,,,,,,,,,,,,,,,,,,,,,,,,,,,,,,,,,,,,,,,,,,,,,,,,,,,,,,,,,,,,,,,,,,,,,,,,,,,,,,,,,,,,,,,,,,,,,,,,,,,,,,,
,,,,,,,,,,,,,,,,,,,,,,,,,,,,,,,,,,,,,,,,,,,,,,,,,,,,,,,,,,,,,,,,,,,,,,,,,,,Rajshahi_Division,Natore, Kaligong Sub-Health Center,May,2023,2000,2000,200,8,8,20,40,69,1,10,0,241,241,0,0,6,2,5,21,0,0,0,2,0,0,0,0,0,0,0,0,0,0,0,4,0,0,0,0,0,0,2,0,0,0,0,9,0,0,0,0,0,0,0,0,0,0,,,,,,,,,,,,,,,
,,,,,,,,,,,,,,,,,,,,,,,,,,,,,,,,,,,,,,,,,,,,,,,,,,,,,,,,,,,,,,,,,,,,,,,,,,,,,,,,,,,,,,,,,,,,,,,,,,,,,,,,,,,,,,,,,,,,,,,,,,,,,,,,,,,,,,,,,,,,,,,,,,,,,,,
,,,,,,,,,,,,,,,,,,,,,,,,,,,,,,,,,,,,,,,,,,,,,,,,,,,,,,,,,,,,,,,,,,,,,,,,,,,,,,,,,,,,,,,,,,,,,,,,,,,,,,,,,,,,,,,,,,,,,,,,,,,,,,,,,,,,,,,,,,,,,,,,,,,,,,,
,,,,,,,,,,,,,,,,,,,,,,,,,,,,,,,,,,,,,,,,,,,,,,,,,,,,,,,,,,,,,,,,,,,,,,,,,,,Rajshahi_Division,Natore, Nashratpur FWC PL,May,2023,2500,2500,250,8,7,20,40,70,2,12,1,262,163,99,2,6,5,5,19,0,0,0,0,1,0,0,0,0,0,0,0,0,0,0,5,0,0,0,0,0,0,1,0,0,0,0,5,0,0,0,0,0,0,0,0,0,0,,,,,,,,,,,,,,,
,,,,,,,,,,,,,,,,,,,,,,,,,,,,,,,,,,,,,,,,,,,,,,,,,,,,,,,,,,,,,,,,,,,,,,,,,,,,,,,,,,,,,,,,,,,,,,,,,,,,,,,,,,,,,,,,,,,,,,,,,,,,,,,,,,,,,,,,,,,,,,,,,,,,,,,
,,,,,,,,,,,,,,,,,,,,,,,,,,,,,,,,,,,,,,,,,,,,,,,,,,,,,,,,,,,,,,,,,,,,,,,,,,,,,,,,,,,,,,,,,,,,,,,,,,,,,,,,,,,,,,,,,,,,,,,,,,,,,,,,,,,,,,,,,,,,,,,,,,,,,,,
,,,,,,,,,,,,,,,,,,,,,,,,,,,,,,,,,,,,,,,,,,,,,,,,,,,,,,,,,,,,,,,,,,,,,,,,,,,Rajshahi_Division,Pabna, Pl Natiabari RD,May,2023,1600,1600,200,8,8,20,40,70,0,0,0,221,164,57,1,5,10,2,16,0,0,0,0,4,0,0,0,0,0,0,0,0,0,0,1,0,0,0,0,0,0,1,1,0,0,0,6,0,0,0,0,0,0,0,0,0,0,,,,,,,,,,,,,,,
,,,,,,,,,,,,,,,,,,,,,,,,,,,,,,,,,,,,,,,,,,,,,,,,,,,,,,,,,,,,,,,,,,,,,,,,,,,,,,,,,,,,,,,,,,,,,,,,,,,,,,,,,,,,,,,,,,,,,,,,,,,,,,,,,,,,,,,,,,,,,,,,,,,,,,,
,,,,,,,,,,,,,,,,,,,,,,,,,,,,,,,,,,,,,,,,,,,,,,,,,,,,,,,,,,,,,,,,,,,,,,,,,,,,,,,,,,,,,,,,,,,,,,,,,,,,,,,,,,,,,,,,,,,,,,,,,,,,,,,,,,,,,,,,,,,,,,,,,,,,,,,
,,,,,,,,,,,,,,,,,,,,,,,,,,,,,,,,,,,,,,,,,,,,,,,,,,,,,,,,,,,,,,,,,,,,,,,,,,,Rajshahi_Division,Pabna, PL Aowtapara UP,May,2023,1700,1700,200,8,8,20,42,68,0,5,2,138,138,0,0,1,4,0,18,0,0,0,0,1,0,0,0,0,0,0,0,0,0,0,0,0,0,0,0,0,0,0,0,1,0,0,0,0,0,0,0,0,0,0,0,0,0,,,,,,,,,,,,,,,
,,,,,,,,,,,,,,,,,,,,,,,,,,,,,,,,,,,,,,,,,,,,,,,,,,,,,,,,,,,,,,,,,,,,,,,,,,,,,,,,,,,,,,,,,,,,,,,,,,,,,,,,,,,,,,,,,,,,,,,,,,,,,,,,,,,,,,,,,,,,,,,,,,,,,,,
,,,,,,,,,,,,,,,,,,,,,,,,,,,,,,,,,,,,,,,,,,,,,,,,,,,,,,,,,,,,,,,,,,,,,,,,,,,,,,,,,,,,,,,,,,,,,,,,,,,,,,,,,,,,,,,,,,,,,,,,,,,,,,,,,,,,,,,,,,,,,,,,,,,,,,,
,,,,,,,,,,,,,,,,,,,,,,,,,,,,,,,,,,,,,,,,,,,,,,,,,,,,,,,,,,,,,,,,,,,,,,,,,,,Rajshahi_Division,Pabna, PL Handial FWC,May,2023,1700,1700,150,7.4,7.5,22,42,67,0,1,0,223,193,30,0,9,8,0,17,0,0,0,4,3,0,0,0,0,0,0,0,0,0,0,2,0,0,0,0,0,0,0,0,0,0,0,2,0,0,0,0,0,0,0,0,0,0,,,,,,,,,,,,,,,
,,,,,,,,,,,,,,,,,,,,,,,,,,,,,,,,,,,,,,,,,,,,,,,,,,,,,,,,,,,,,,,,,,,,,,,,,,,,,,,,,,,,,,,,,,,,,,,,,,,,,,,,,,,,,,,,,,,,,,,,,,,,,,,,,,,,,,,,,,,,,,,,,,,,,,,
,,,,,,,,,,,,,,,,,,,,,,,,,,,,,,,,,,,,,,,,,,,,,,,,,,,,,,,,,,,,,,,,,,,,,,,,,,,,,,,,,,,,,,,,,,,,,,,,,,,,,,,,,,,,,,,,,,,,,,,,,,,,,,,,,,,,,,,,,,,,,,,,,,,,,,,
,,,,,,,,,,,,,,,,,,,,,,,,,,,,,,,,,,,,,,,,,,,,,,,,,,,,,,,,,,,,,,,,,,,,,,,,,,,Rajshahi_Division,Sirajganj," 31 Beded Hospital, Bagbati",May,2023,0,0,0,8,8,20,40,68,0,2,7,255,198,57,0,7,6,0,16,0,0,0,3,2,0,0,0,0,0,0,0,0,0,0,2,0,0,0,0,0,0,1,1,0,0,0,2,0,0,0,0,0,0,0,0,0,0,,,,,,,,,,,,,,,
,,,,,,,,,,,,,,,,,,,,,,,,,,,,,,,,,,,,,,,,,,,,,,,,,,,,,,,,,,,,,,,,,,,,,,,,,,,,,,,,,,,,,,,,,,,,,,,,,,,,,,,,,,,,,,,,,,,,,,,,,,,,,,,,,,,,,,,,,,,,,,,,,,,,,,,
,,,,,,,,,,,,,,,,,,,,,,,,,,,,,,,,,,,,,,,,,,,,,,,,,,,,,,,,,,,,,,,,,,,,,,,,,,,,,,,,,,,,,,,,,,,,,,,,,,,,,,,,,,,,,,,,,,,,,,,,,,,,,,,,,,,,,,,,,,,,,,,,,,,,,,,
,,,,,,,,,,,,,,,,,,,,,,,,,,,,,,,,,,,,,,,,,,,,,,,,,,,,,,,,,,,,,,,,,,,,,,,,,,,Rajshahi_Division,Sirajganj, Khukni Pheferipal Lab,May,2023,2300,2300,250,8,8,20,40,68,1,8,1,475,198,277,1,25,3,6,16,0,0,0,12,4,0,0,0,0,0,0,0,0,0,0,9,0,0,0,0,0,0,0,0,0,0,0,13,0,0,0,0,0,0,0,0,0,0,,,,,,,,,,,,,,,
